latitude,longitude,bright_ti4,frp,confidence,datetime
-40.01019,175.51991,331.09,2.36,nominal,2024-01-17 02:53:00
-28.49219,148.02907,367.0,23.98,high,2024-01-17 02:57:00
-28.49811,148.03496,341.18,13.4,nominal,2024-01-17 02:57:00
-28.49844,148.02945,367.0,13.9,high,2024-01-17 02:57:00
-28.50469,148.02986,356.44,13.9,low,2024-01-17 02:57:00
-28.50436,148.03535,339.33,13.4,nominal,2024-01-17 02:57:00
-28.2829,151.90846,330.33,10.01,nominal,2024-01-17 02:57:00
-30.8626,151.67731,328.88,6.29,nominal,2024-01-17 02:57:00
-28.49252,148.02357,367.0,23.98,high,2024-01-17 02:57:00
-28.49286,148.01808,367.0,26.44,high,2024-01-17 02:57:00
-24.21577,148.54344,331.96,5.75,nominal,2024-01-17 03:00:00
-26.1713,150.85078,335.87,4.48,nominal,2024-01-17 03:00:00
-26.17736,150.84123,330.35,6.98,nominal,2024-01-17 03:00:00
-26.17676,150.84804,331.52,9.15,nominal,2024-01-17 03:00:00
-26.17706,150.84465,367.0,9.15,high,2024-01-17 03:00:00
-27.06884,150.46556,330.69,10.96,low,2024-01-17 03:00:00
-27.3058,152.04047,340.62,8.19,nominal,2024-01-17 03:00:00
-27.50123,150.08514,367.0,7.66,high,2024-01-17 03:00:00
-27.50672,150.08565,331.75,7.66,nominal,2024-01-17 03:00:00
-24.21603,148.5388,332.52,8.56,nominal,2024-01-17 03:00:00
-24.20985,148.54272,333.17,12.18,low,2024-01-17 03:00:00
-24.21021,148.53828,333.47,8.56,low,2024-01-17 03:00:00
-24.2116,148.5206,330.84,13.83,low,2024-01-17 03:00:00
-24.21539,148.54788,329.63,5.75,low,2024-01-17 03:00:00
-24.21615,148.53903,333.02,8.78,low,2024-01-17 03:00:00
-24.20957,148.54739,330.39,5.75,low,2024-01-17 03:00:00
-24.20995,148.54295,333.28,5.75,low,2024-01-17 03:00:00
-24.21033,148.53853,333.56,8.78,low,2024-01-17 03:00:00
-24.21184,148.52089,330.87,6.82,low,2024-01-17 03:00:00
-24.21222,148.51643,329.47,6.82,low,2024-01-17 03:00:00
-24.20451,148.53801,331.34,14.7,low,2024-01-17 03:00:00
-23.57735,149.45227,341.69,4.54,nominal,2024-01-17 03:00:00
-23.08027,149.34567,355.09,12.39,nominal,2024-01-17 03:00:00
-23.0806,149.3419,355.68,12.39,nominal,2024-01-17 03:00:00
-23.08093,149.33812,326.14,6.92,nominal,2024-01-17 03:00:00
-23.0794,149.34502,367.0,10.32,high,2024-01-17 03:00:00
-23.07975,149.34126,347.59,10.32,nominal,2024-01-17 03:00:00
-25.63325,151.90086,329.43,18.93,low,2024-01-17 03:00:00
-25.61928,151.89708,326.63,13.14,low,2024-01-17 03:00:00
-25.67442,150.28896,335.68,6.98,nominal,2024-01-17 03:00:00
-25.67474,150.28532,356.54,11.65,nominal,2024-01-17 03:00:00
-25.6691,150.2885,367.0,11.7,high,2024-01-17 03:00:00
-25.66848,150.29579,338.34,11.0,nominal,2024-01-17 03:00:00
-25.66879,150.29214,350.56,11.7,nominal,2024-01-17 03:00:00
-25.66942,150.28487,351.78,14.43,nominal,2024-01-17 03:00:00
-25.52757,148.54576,367.0,17.44,high,2024-01-17 03:00:00
-25.52167,148.54532,367.0,17.44,high,2024-01-17 03:00:00
-25.22663,146.7011,330.56,20.0,nominal,2024-01-17 03:00:00
-24.83292,150.15233,329.63,5.71,low,2024-01-17 03:00:00
-24.77194,149.88455,354.79,12.57,nominal,2024-01-17 03:00:00
-24.77225,149.88104,340.06,9.53,nominal,2024-01-17 03:00:00
-24.41789,148.51146,328.45,7.92,low,2024-01-17 03:00:00
-24.41642,148.3152,338.76,8.08,nominal,2024-01-17 03:00:00
-24.41051,148.31464,367.0,13.75,high,2024-01-17 03:00:00
-24.41126,148.30548,343.14,17.46,nominal,2024-01-17 03:00:00
-24.41163,148.30095,328.49,16.47,nominal,2024-01-17 03:00:00
-24.40385,148.32329,340.78,17.08,nominal,2024-01-17 03:00:00
-24.40423,148.31863,340.73,13.75,nominal,2024-01-17 03:00:00
-24.40461,148.31403,333.84,13.75,nominal,2024-01-17 03:00:00
-24.40535,148.3049,351.24,17.46,nominal,2024-01-17 03:00:00
-24.21568,148.54324,332.03,12.18,low,2024-01-17 03:00:00
-35.02088,142.30267,335.01,4.3,nominal,2024-01-17 04:38:00
-35.01574,142.28595,342.87,5.28,nominal,2024-01-17 04:38:00
-35.01355,142.297,347.19,10.03,nominal,2024-01-17 04:38:00
-35.01244,142.30252,338.9,6.77,nominal,2024-01-17 04:38:00
-35.01619,142.30359,339.41,5.46,nominal,2024-01-17 04:38:00
-35.01508,142.30913,353.75,5.46,nominal,2024-01-17 04:38:00
-35.02321,142.28813,337.23,5.63,nominal,2024-01-17 04:38:00
-35.02102,142.29916,341.94,11.11,nominal,2024-01-17 04:38:00
-35.01883,142.31021,335.87,5.46,nominal,2024-01-17 04:38:00
-35.02694,142.2892,336.03,7.2,nominal,2024-01-17 04:38:00
-35.0274,142.30685,335.79,9.59,nominal,2024-01-17 04:38:00
-35.01608,142.30713,342.75,8.1,nominal,2024-01-17 04:38:00
-35.01554,142.28944,336.64,4.32,nominal,2024-01-17 04:38:00
-33.00711,137.58098,338.71,4.3,nominal,2024-01-17 04:38:00
-32.99997,137.58913,333.33,9.04,low,2024-01-17 04:38:00
-35.01234,142.30603,337.01,3.96,nominal,2024-01-17 04:38:00
-35.0134,142.30049,336.81,7.0,nominal,2024-01-17 04:38:00
-35.02195,142.29715,335.65,4.3,nominal,2024-01-17 04:38:00
-25.528,148.54877,330.33,6.68,nominal,2024-01-17 04:40:00
-25.52315,148.54088,334.43,6.46,nominal,2024-01-17 04:40:00
-25.52165,148.54678,338.81,6.46,nominal,2024-01-17 04:40:00
-25.52948,148.54292,333.82,6.68,nominal,2024-01-17 04:40:00
-25.52253,148.54291,335.65,8.13,nominal,2024-01-17 04:40:00
-25.52887,148.54495,350.35,13.38,nominal,2024-01-17 04:40:00
-21.684,121.68431,337.15,35.75,nominal,2024-01-17 04:42:00
-21.66493,121.91483,344.07,7.85,nominal,2024-01-17 04:42:00
-21.66451,121.91976,346.47,7.85,nominal,2024-01-17 04:42:00
-21.6641,121.92471,349.04,8.92,nominal,2024-01-17 04:42:00
-21.66369,121.92964,341.07,8.92,nominal,2024-01-17 04:42:00
-21.66328,121.9346,350.48,8.32,nominal,2024-01-17 04:42:00
-21.66286,121.93951,336.88,8.32,nominal,2024-01-17 04:42:00
-21.66245,121.94447,338.2,8.37,nominal,2024-01-17 04:42:00
-21.68358,121.68941,367.0,35.75,high,2024-01-17 04:42:00
-21.6902,121.68484,340.4,11.4,nominal,2024-01-17 04:42:00
-21.67104,121.91538,341.09,13.2,nominal,2024-01-17 04:42:00
-21.67022,121.92525,340.22,9.2,nominal,2024-01-17 04:42:00
-21.66897,121.94005,341.21,9.05,nominal,2024-01-17 04:42:00
-21.66814,121.94991,338.96,10.24,nominal,2024-01-17 04:42:00
-21.67757,121.91098,340.64,8.81,nominal,2024-01-17 04:42:00
-21.70644,122.14381,356.52,25.25,low,2024-01-17 04:42:00
-21.70728,122.13432,336.07,7.84,nominal,2024-01-17 04:42:00
-21.70686,122.13905,345.78,7.84,nominal,2024-01-17 04:42:00
-21.71373,122.13026,341.6,9.5,nominal,2024-01-17 04:42:00
-21.71331,122.13496,367.0,16.34,high,2024-01-17 04:42:00
-21.71289,122.13969,367.0,16.34,high,2024-01-17 04:42:00
-21.7089,122.14133,359.08,19.11,low,2024-01-17 04:42:00
-21.70968,122.13184,339.55,9.67,nominal,2024-01-17 04:42:00
-21.70929,122.13658,336.77,9.67,nominal,2024-01-17 04:42:00
-21.70851,122.14609,356.59,19.11,nominal,2024-01-17 04:42:00
-21.7157,122.13258,342.86,9.67,nominal,2024-01-17 04:42:00
-21.71531,122.13727,367.0,9.67,high,2024-01-17 04:42:00
-21.89088,120.98148,350.92,15.32,nominal,2024-01-17 04:42:00
-21.90573,120.95903,330.23,8.93,nominal,2024-01-17 04:42:00
-21.90479,120.97063,333.89,17.31,nominal,2024-01-17 04:42:00
-21.90526,120.9648,367.0,8.93,high,2024-01-17 04:42:00
-21.91175,120.96523,337.86,8.93,nominal,2024-01-17 04:42:00
-21.90581,120.96183,351.72,20.56,nominal,2024-01-17 04:42:00
-21.90538,120.96765,343.57,9.08,nominal,2024-01-17 04:42:00
-21.90494,120.97353,332.37,9.08,nominal,2024-01-17 04:42:00
-21.91187,120.96806,340.85,9.08,nominal,2024-01-17 04:42:00
-22.20548,120.41171,352.25,9.53,nominal,2024-01-17 04:42:00
-22.20499,120.41797,331.43,9.53,nominal,2024-01-17 04:42:00
-22.20876,120.41174,345.08,12.88,nominal,2024-01-17 04:42:00
-22.20831,120.41801,339.86,9.3,nominal,2024-01-17 04:42:00
-22.20747,120.95575,367.0,19.27,high,2024-01-17 04:42:00
-19.77,142.58975,334.46,5.54,nominal,2024-01-17 04:42:00
-19.76865,142.59624,333.64,8.46,nominal,2024-01-17 04:42:00
-19.7673,142.60274,341.52,7.7,nominal,2024-01-17 04:42:00
-19.77512,142.59094,343.22,5.54,nominal,2024-01-17 04:42:00
-19.77445,142.59421,338.65,8.46,nominal,2024-01-17 04:42:00
-21.05643,119.21661,330.16,25.38,nominal,2024-01-17 04:42:00
-21.04882,119.22329,331.08,7.76,nominal,2024-01-17 04:42:00
-21.02652,119.23608,332.04,9.45,nominal,2024-01-17 04:42:00
-21.67643,121.71095,367.0,16.73,high,2024-01-17 04:42:00
-21.02913,119.23834,332.87,8.34,nominal,2024-01-17 04:42:00
-21.02968,119.23116,330.8,6.61,nominal,2024-01-17 04:42:00
-21.67867,121.68564,343.56,10.3,nominal,2024-01-17 04:42:00
-21.65032,121.65249,342.31,14.79,nominal,2024-01-17 04:42:00
-21.65076,121.64735,354.31,13.35,nominal,2024-01-17 04:42:00
-21.64455,121.64686,356.51,19.19,low,2024-01-17 04:42:00
-21.31224,123.90971,351.76,8.97,nominal,2024-01-17 04:42:00
-21.56776,120.22646,333.3,5.97,nominal,2024-01-17 04:42:00
-21.53024,120.23679,335.59,11.16,nominal,2024-01-17 04:42:00
-21.07061,119.21781,332.69,16.82,nominal,2024-01-17 04:42:00
-21.06246,119.23173,356.4,28.81,low,2024-01-17 04:42:00
-21.06299,119.22452,356.43,25.38,low,2024-01-17 04:42:00
-21.05539,119.23102,342.18,28.81,nominal,2024-01-17 04:42:00
-21.05591,119.22383,337.3,25.38,nominal,2024-01-17 04:42:00
-21.64964,121.64537,358.79,24.86,low,2024-01-17 04:42:00
-21.64924,121.65049,355.13,27.9,nominal,2024-01-17 04:42:00
-21.6778,121.68381,336.81,35.75,nominal,2024-01-17 04:42:00
-21.67572,121.70919,343.68,11.57,nominal,2024-01-17 04:42:00
-21.67531,121.71426,341.42,10.74,nominal,2024-01-17 04:42:00
-33.99449,115.51538,355.8,9.2,nominal,2024-01-17 06:20:00
-34.01246,115.49944,367.0,26.4,high,2024-01-17 06:20:00
-34.0042,115.54426,344.03,36.06,nominal,2024-01-17 06:20:00
-34.00972,115.51432,353.65,63.54,nominal,2024-01-17 06:20:00
-34.01064,115.50936,354.23,23.46,nominal,2024-01-17 06:20:00
-34.01337,115.4945,356.29,26.4,nominal,2024-01-17 06:20:00
-34.01428,115.48958,356.36,95.5,nominal,2024-01-17 06:20:00
-34.00154,115.53826,367.0,373.69,high,2024-01-17 06:20:00
-34.00247,115.53326,367.0,373.69,high,2024-01-17 06:20:00
-34.0034,115.52825,367.0,203.66,high,2024-01-17 06:20:00
-34.00615,115.51332,367.0,63.54,high,2024-01-17 06:20:00
-34.00706,115.50838,367.0,23.46,high,2024-01-17 06:20:00
-34.00523,115.51828,351.92,63.54,nominal,2024-01-17 06:20:00
-34.00797,115.50343,355.6,23.46,nominal,2024-01-17 06:20:00
-34.00888,115.4985,356.07,26.4,nominal,2024-01-17 06:20:00
-34.00979,115.49357,355.86,26.4,nominal,2024-01-17 06:20:00
-34.0107,115.48864,367.0,95.5,low,2024-01-17 06:20:00
-33.99795,115.53731,367.0,138.69,high,2024-01-17 06:20:00
-34.00257,115.51234,367.0,20.26,high,2024-01-17 06:20:00
-34.00348,115.50739,367.0,14.63,high,2024-01-17 06:20:00
-34.00439,115.50249,367.0,14.63,high,2024-01-17 06:20:00
-33.98781,115.5921,342.66,47.98,nominal,2024-01-17 06:20:00
-33.98872,115.58714,334.39,9.43,nominal,2024-01-17 06:20:00
-34.00165,115.51733,356.44,20.26,nominal,2024-01-17 06:20:00
-34.0053,115.49757,351.61,21.92,nominal,2024-01-17 06:20:00
-34.00621,115.49264,356.26,21.92,nominal,2024-01-17 06:20:00
-33.9998,115.5273,367.0,69.28,low,2024-01-17 06:20:00
-33.99714,115.52135,367.0,69.28,high,2024-01-17 06:20:00
-33.99807,115.51635,367.0,20.26,high,2024-01-17 06:20:00
-33.99899,115.51138,367.0,20.26,high,2024-01-17 06:20:00
-33.9999,115.50645,367.0,14.63,high,2024-01-17 06:20:00
-34.00081,115.50153,367.0,14.63,high,2024-01-17 06:20:00
-34.00172,115.49661,367.0,21.92,high,2024-01-17 06:20:00
-33.98329,115.5961,351.13,47.98,nominal,2024-01-17 06:20:00
-33.98514,115.58614,336.26,9.43,nominal,2024-01-17 06:20:00
-33.99529,115.53135,343.34,138.69,nominal,2024-01-17 06:20:00
-33.99622,115.52637,354.41,69.28,nominal,2024-01-17 06:20:00
-33.98421,115.59113,367.0,47.98,low,2024-01-17 06:20:00
-33.99437,115.53634,367.0,138.69,low,2024-01-17 06:20:00
-33.99263,115.5254,367.0,7.95,high,2024-01-17 06:20:00
-33.99541,115.51041,367.0,9.2,high,2024-01-17 06:20:00
-33.97877,115.60014,339.25,9.9,nominal,2024-01-17 06:20:00
-33.97969,115.59513,354.85,35.12,nominal,2024-01-17 06:20:00
-33.98895,115.54527,342.82,5.55,nominal,2024-01-17 06:20:00
-33.98987,115.54031,342.33,5.55,nominal,2024-01-17 06:20:00
-33.99079,115.53535,347.28,5.54,nominal,2024-01-17 06:20:00
-33.99171,115.5304,347.42,5.54,nominal,2024-01-17 06:20:00
-33.99356,115.52039,352.24,7.95,nominal,2024-01-17 06:20:00
-33.99632,115.50548,354.26,8.49,nominal,2024-01-17 06:20:00
-33.99723,115.50056,351.71,8.49,nominal,2024-01-17 06:20:00
-33.99814,115.49566,343.01,5.49,nominal,2024-01-17 06:20:00
-33.98063,115.59013,367.0,35.12,low,2024-01-17 06:20:00
-33.97703,115.58915,341.9,35.12,nominal,2024-01-17 06:20:00
-33.97796,115.58418,333.78,6.84,low,2024-01-17 06:20:00
-33.97888,115.5792,340.88,6.84,nominal,2024-01-17 06:20:00
-33.9798,115.57426,339.25,6.04,nominal,2024-01-17 06:20:00
-33.98072,115.5693,341.44,6.04,nominal,2024-01-17 06:20:00
-33.98165,115.56432,337.19,11.46,low,2024-01-17 06:20:00
-33.98351,115.55433,340.07,7.66,low,2024-01-17 06:20:00
-33.98443,115.54932,341.25,7.66,low,2024-01-17 06:20:00
-33.98537,115.5443,345.66,5.55,nominal,2024-01-17 06:20:00
-33.98629,115.53933,342.58,5.55,nominal,2024-01-17 06:20:00
-33.98721,115.53439,338.02,5.54,low,2024-01-17 06:20:00
-33.98813,115.52941,336.32,5.54,nominal,2024-01-17 06:20:00
-33.98906,115.5244,343.21,7.95,nominal,2024-01-17 06:20:00
-33.98999,115.5194,342.26,7.95,nominal,2024-01-17 06:20:00
-33.99091,115.51441,348.49,9.2,nominal,2024-01-17 06:20:00
-33.99183,115.50944,351.43,9.2,nominal,2024-01-17 06:20:00
-33.99274,115.50454,350.43,8.49,nominal,2024-01-17 06:20:00
-33.99365,115.4996,345.64,8.49,nominal,2024-01-17 06:20:00
-33.99456,115.49467,341.8,5.49,nominal,2024-01-17 06:20:00
-33.97437,115.58322,330.54,3.34,low,2024-01-17 06:20:00
-33.97529,115.57825,335.76,3.34,nominal,2024-01-17 06:20:00
-33.97621,115.5733,339.6,5.34,nominal,2024-01-17 06:20:00
-33.97714,115.56831,336.38,5.34,low,2024-01-17 06:20:00
-33.97806,115.56333,341.73,7.19,nominal,2024-01-17 06:20:00
-33.97899,115.55836,338.44,7.19,low,2024-01-17 06:20:00
-33.97992,115.55336,341.39,6.02,nominal,2024-01-17 06:20:00
-33.98085,115.54833,346.98,6.02,nominal,2024-01-17 06:20:00
-33.98178,115.54333,345.45,5.75,nominal,2024-01-17 06:20:00
-33.9827,115.53836,343.48,5.75,nominal,2024-01-17 06:20:00
-33.98362,115.5334,341.64,8.0,nominal,2024-01-17 06:20:00
-33.98455,115.52843,343.62,8.0,nominal,2024-01-17 06:20:00
-33.98547,115.52343,346.66,14.49,nominal,2024-01-17 06:20:00
-33.9864,115.51842,340.93,14.49,nominal,2024-01-17 06:20:00
-33.98733,115.51344,342.2,22.53,nominal,2024-01-17 06:20:00
-33.98824,115.5085,343.71,22.53,nominal,2024-01-17 06:20:00
-33.98916,115.50356,347.25,6.47,nominal,2024-01-17 06:20:00
-33.99007,115.49862,331.41,6.47,low,2024-01-17 06:20:00
-33.98189,115.52246,367.0,14.49,high,2024-01-17 06:20:00
-33.98282,115.51746,367.0,14.49,high,2024-01-17 06:20:00
-33.97727,115.54735,335.58,6.02,low,2024-01-17 06:20:00
-33.9782,115.54235,342.39,5.75,nominal,2024-01-17 06:20:00
-33.97912,115.53736,342.96,5.75,nominal,2024-01-17 06:20:00
-33.98005,115.53242,352.37,8.0,nominal,2024-01-17 06:20:00
-33.98096,115.52746,354.51,8.0,nominal,2024-01-17 06:20:00
-33.98375,115.51249,354.7,22.53,nominal,2024-01-17 06:20:00
-33.98466,115.50755,352.93,22.53,nominal,2024-01-17 06:20:00
-33.98558,115.50259,335.27,6.47,nominal,2024-01-17 06:20:00
-33.34793,116.0761,333.49,13.91,nominal,2024-01-17 06:20:00
-33.34895,116.07076,341.6,13.91,nominal,2024-01-17 06:20:00
-33.34422,116.07513,336.32,13.91,nominal,2024-01-17 06:20:00
-33.34525,116.06978,347.74,13.91,nominal,2024-01-17 06:20:00
-33.34154,116.06881,339.47,11.0,nominal,2024-01-17 06:20:00
-32.60628,117.43519,343.81,16.89,nominal,2024-01-17 06:20:00
-32.60715,117.43098,348.15,18.64,nominal,2024-01-17 06:20:00
-32.60314,117.42986,342.2,18.64,nominal,2024-01-17 06:20:00
-32.72524,116.58003,336.27,64.75,nominal,2024-01-17 06:20:00
-32.72253,116.57321,336.75,64.75,low,2024-01-17 06:20:00
-32.71762,116.57772,355.35,13.94,nominal,2024-01-17 06:20:00
-32.71872,116.5721,338.2,13.94,nominal,2024-01-17 06:20:00
-32.71379,116.57663,343.3,13.94,nominal,2024-01-17 06:20:00
-30.457,115.34627,337.12,8.59,low,2024-01-17 06:20:00
-30.45411,115.34322,337.35,6.47,low,2024-01-17 06:20:00
-34.03859,115.52502,340.76,98.22,nominal,2024-01-17 06:20:00
-34.03501,115.52404,343.88,118.42,nominal,2024-01-17 06:20:00
-34.03235,115.51818,367.0,118.42,high,2024-01-17 06:20:00
-34.02958,115.53292,339.68,10.5,nominal,2024-01-17 06:20:00
-34.03143,115.52309,342.6,118.42,nominal,2024-01-17 06:20:00
-34.03327,115.51329,333.47,7.88,nominal,2024-01-17 06:20:00
-34.03477,115.52116,367.0,322.74,high,2024-01-17 06:20:00
-34.02847,115.535,355.61,174.54,nominal,2024-01-17 06:20:00
-34.02938,115.53001,355.15,174.54,nominal,2024-01-17 06:20:00
-34.03209,115.51527,337.57,77.03,nominal,2024-01-17 06:20:00
-34.03119,115.5202,367.0,142.24,low,2024-01-17 06:20:00
-34.02489,115.53404,367.0,174.54,high,2024-01-17 06:20:00
-34.0203,115.55898,342.51,40.75,nominal,2024-01-17 06:20:00
-34.02396,115.53904,351.03,17.85,nominal,2024-01-17 06:20:00
-34.0258,115.52907,367.0,174.54,low,2024-01-17 06:20:00
-34.02761,115.51922,367.0,142.24,low,2024-01-17 06:20:00
-34.02852,115.51429,367.0,77.03,low,2024-01-17 06:20:00
-34.02038,115.5381,367.0,201.67,high,2024-01-17 06:20:00
-34.02313,115.52314,367.0,90.09,high,2024-01-17 06:20:00
-34.01671,115.55806,341.85,45.49,nominal,2024-01-17 06:20:00
-34.02494,115.51332,347.31,33.7,nominal,2024-01-17 06:20:00
-34.0213,115.53309,367.0,366.98,low,2024-01-17 06:20:00
-34.02222,115.5281,367.0,366.98,low,2024-01-17 06:20:00
-34.02404,115.51824,367.0,90.09,low,2024-01-17 06:20:00
-34.01955,115.52216,367.0,90.09,high,2024-01-17 06:20:00
-34.02136,115.51234,367.0,33.7,high,2024-01-17 06:20:00
-34.02319,115.50237,367.0,16.61,high,2024-01-17 06:20:00
-34.02411,115.49739,367.0,16.61,high,2024-01-17 06:20:00
-34.02501,115.49246,367.0,19.61,high,2024-01-17 06:20:00
-34.01587,115.54214,350.89,201.67,nominal,2024-01-17 06:20:00
-34.02045,115.51726,352.79,90.09,nominal,2024-01-17 06:20:00
-34.02228,115.50735,346.48,33.7,nominal,2024-01-17 06:20:00
-34.01772,115.53214,367.0,366.98,low,2024-01-17 06:20:00
-34.01863,115.52715,367.0,366.98,low,2024-01-17 06:20:00
-34.01505,115.52619,367.0,239.1,high,2024-01-17 06:20:00
-34.01778,115.51135,367.0,25.92,high,2024-01-17 06:20:00
-34.0187,115.50636,367.0,25.92,high,2024-01-17 06:20:00
-34.02053,115.49641,367.0,30.86,high,2024-01-17 06:20:00
-34.01688,115.51627,349.88,65.87,nominal,2024-01-17 06:20:00
-34.01962,115.50137,355.47,30.86,nominal,2024-01-17 06:20:00
-34.02144,115.49149,356.32,24.71,nominal,2024-01-17 06:20:00
-34.02234,115.48659,338.9,24.71,nominal,2024-01-17 06:20:00
-34.01229,115.54119,367.0,0.0,low,2024-01-17 06:20:00
-34.01321,115.53619,367.0,0.0,low,2024-01-17 06:20:00
-34.01413,115.5312,367.0,239.1,low,2024-01-17 06:20:00
-34.01597,115.5212,367.0,65.87,low,2024-01-17 06:20:00
-34.00871,115.54021,367.0,0.0,high,2024-01-17 06:20:00
-34.01147,115.52522,367.0,239.1,high,2024-01-17 06:20:00
-34.01421,115.51035,367.0,25.92,high,2024-01-17 06:20:00
-34.01513,115.50537,367.0,25.92,high,2024-01-17 06:20:00
-34.01604,115.50041,367.0,30.86,high,2024-01-17 06:20:00
-34.00778,115.54523,342.6,13.52,nominal,2024-01-17 06:20:00
-34.0133,115.5153,352.82,65.87,nominal,2024-01-17 06:20:00
-34.01696,115.49545,356.61,30.86,nominal,2024-01-17 06:20:00
-34.01786,115.49055,353.71,24.71,nominal,2024-01-17 06:20:00
-34.00963,115.53522,367.0,0.0,low,2024-01-17 06:20:00
-34.01055,115.53022,367.0,239.1,low,2024-01-17 06:20:00
-34.01239,115.52023,367.0,65.87,low,2024-01-17 06:20:00
-34.00512,115.53923,367.0,373.69,high,2024-01-17 06:20:00
-34.00605,115.53422,367.0,373.69,high,2024-01-17 06:20:00
-34.00697,115.52922,367.0,203.66,high,2024-01-17 06:20:00
-34.00789,115.52425,367.0,203.66,high,2024-01-17 06:20:00
-34.01155,115.5044,367.0,23.46,high,2024-01-17 06:20:00
-21.58112,120.23108,345.76,22.43,nominal,2024-01-17 06:22:00
-21.58006,120.23567,356.55,17.92,low,2024-01-17 06:22:00
-21.57206,120.24324,349.97,17.46,nominal,2024-01-17 06:22:00
-21.57313,120.23862,335.49,8.62,nominal,2024-01-17 06:22:00
-21.56723,120.23701,340.26,8.62,nominal,2024-01-17 06:22:00
-21.54729,120.24197,341.14,15.22,nominal,2024-01-17 06:22:00
-21.54948,120.23251,354.21,29.64,nominal,2024-01-17 06:22:00
-21.54838,120.23726,356.76,15.22,low,2024-01-17 06:22:00
-21.54138,120.2404,349.19,15.22,nominal,2024-01-17 06:22:00
-21.54248,120.23564,347.7,15.22,nominal,2024-01-17 06:22:00
-21.54027,120.24516,356.95,18.84,low,2024-01-17 06:22:00
-21.53548,120.23878,334.87,8.64,nominal,2024-01-17 06:22:00
-21.68387,121.70802,331.64,2.39,nominal,2024-01-17 06:22:00
-21.68811,121.69079,342.55,9.31,nominal,2024-01-17 06:22:00
-21.68953,121.68507,354.08,9.31,nominal,2024-01-17 06:22:00
-21.69094,121.67933,338.65,40.06,nominal,2024-01-17 06:22:00
-21.69376,121.66787,350.86,196.35,nominal,2024-01-17 06:22:00
-21.86878,120.94978,339.65,7.29,nominal,2024-01-17 06:22:00
-21.69517,121.66217,207.38,196.35,low,2024-01-17 06:22:00
-21.9059,120.96246,339.38,12.09,nominal,2024-01-17 06:22:00
-21.67798,121.90311,367.0,18.74,high,2024-01-17 06:22:00
-21.57902,120.24023,338.47,17.92,nominal,2024-01-17 06:22:00
-21.66162,121.94274,367.0,27.44,high,2024-01-17 06:22:00
-21.66303,121.93685,346.44,21.12,nominal,2024-01-17 06:22:00
-21.66586,121.92501,332.59,9.22,nominal,2024-01-17 06:22:00
-21.6687,121.91317,336.21,8.42,nominal,2024-01-17 06:22:00
-21.88905,120.97907,342.04,10.21,nominal,2024-01-17 06:22:00
-21.89026,120.97385,341.33,12.78,nominal,2024-01-17 06:22:00
-22.70289,117.21028,347.01,46.77,nominal,2024-01-17 06:22:00
-21.69611,121.68414,367.0,14.88,high,2024-01-17 06:22:00
-21.69748,121.67838,341.89,14.88,nominal,2024-01-17 06:22:00
-21.70023,121.6669,337.35,140.41,nominal,2024-01-17 06:22:00
-21.86934,120.95216,337.27,5.78,nominal,2024-01-17 06:22:00
-21.69249,121.67088,367.0,140.41,high,2024-01-17 06:22:00
-21.68421,121.70542,331.22,4.32,nominal,2024-01-17 06:22:00
-21.68835,121.68816,343.86,20.36,nominal,2024-01-17 06:22:00
-21.68973,121.6824,341.23,14.88,nominal,2024-01-17 06:22:00
-21.69111,121.67662,339.14,14.88,nominal,2024-01-17 06:22:00
-21.69524,121.65941,333.48,75.05,nominal,2024-01-17 06:22:00
-22.69328,117.20764,350.66,267.54,nominal,2024-01-17 06:22:00
-21.69386,121.66515,207.38,140.41,low,2024-01-17 06:22:00
-21.68474,121.67487,367.0,38.66,high,2024-01-17 06:22:00
-21.68612,121.6691,349.46,95.03,nominal,2024-01-17 06:22:00
-22.68723,117.2123,346.83,22.79,nominal,2024-01-17 06:22:00
-21.677,121.67883,367.0,38.66,high,2024-01-17 06:22:00
-21.67838,121.67307,367.0,38.66,high,2024-01-17 06:22:00
-21.67562,121.68457,338.6,24.06,nominal,2024-01-17 06:22:00
-21.59774,121.8933,367.0,22.5,high,2024-01-17 06:22:00
-21.59128,121.89152,356.67,8.42,nominal,2024-01-17 06:22:00
-21.59272,121.88561,340.91,8.42,nominal,2024-01-17 06:22:00
-22.50363,117.22601,347.96,68.23,nominal,2024-01-17 06:22:00
-22.4988,117.22471,349.6,68.23,nominal,2024-01-17 06:22:00
-22.50005,117.21887,340.97,68.23,nominal,2024-01-17 06:22:00
-22.49899,117.20007,347.86,18.24,nominal,2024-01-17 06:22:00
-22.48349,117.18916,337.75,9.88,nominal,2024-01-17 06:22:00
-22.47499,117.20548,355.02,96.59,nominal,2024-01-17 06:22:00
-22.47143,117.19814,341.66,12.92,nominal,2024-01-17 06:22:00
-22.47264,117.19234,341.23,12.92,nominal,2024-01-17 06:22:00
-22.45303,117.2616,342.45,15.5,nominal,2024-01-17 06:22:00
-22.45688,117.24324,344.46,12.94,nominal,2024-01-17 06:22:00
-22.46662,117.19678,340.2,12.92,nominal,2024-01-17 06:22:00
-22.44818,117.26033,345.31,14.18,nominal,2024-01-17 06:22:00
-22.43148,117.19421,367.0,23.38,high,2024-01-17 06:22:00
-22.42662,117.19309,367.0,23.38,high,2024-01-17 06:22:00
-22.42782,117.18745,340.67,7.92,nominal,2024-01-17 06:22:00
-22.4525,116.81087,345.86,25.31,nominal,2024-01-17 06:22:00
-22.44887,116.80437,352.42,36.03,nominal,2024-01-17 06:22:00
-22.44413,116.80328,351.65,16.57,nominal,2024-01-17 06:22:00
-22.4394,116.80209,350.79,16.57,nominal,2024-01-17 06:22:00
-22.41344,116.80737,344.02,50.08,nominal,2024-01-17 06:22:00
-22.3699,116.87223,348.51,20.9,nominal,2024-01-17 06:22:00
-22.37215,116.86157,346.31,25.04,nominal,2024-01-17 06:22:00
-22.37326,116.8563,344.58,13.83,nominal,2024-01-17 06:22:00
-22.38132,116.81805,350.09,11.85,nominal,2024-01-17 06:22:00
-22.36511,116.87119,357.47,20.9,nominal,2024-01-17 06:22:00
-22.37659,116.81683,340.86,11.85,nominal,2024-01-17 06:22:00
-22.39042,116.72766,344.29,15.53,nominal,2024-01-17 06:22:00
-22.37527,116.77592,343.64,7.25,nominal,2024-01-17 06:22:00
-22.36988,116.87518,347.3,15.7,nominal,2024-01-17 06:22:00
-22.37314,116.85919,353.82,22.31,nominal,2024-01-17 06:22:00
-22.36509,116.87418,346.84,15.7,nominal,2024-01-17 06:22:00
-22.37732,116.81419,354.0,26.67,nominal,2024-01-17 06:22:00
-22.38943,116.73022,348.01,9.98,nominal,2024-01-17 06:22:00
-21.58495,120.24168,337.7,17.92,nominal,2024-01-17 06:22:00
-21.58705,120.23251,356.48,22.43,nominal,2024-01-17 06:22:00
-21.5881,120.22797,335.47,22.43,nominal,2024-01-17 06:22:00
-21.58599,120.23712,356.53,17.92,low,2024-01-17 06:22:00
-21.57797,120.24477,338.22,10.94,nominal,2024-01-17 06:22:00
-23.2874,114.74681,345.72,1.35,nominal,2024-01-17 06:22:00
-23.28817,114.74277,337.49,1.35,nominal,2024-01-17 06:22:00
-23.28251,114.74989,353.81,8.6,nominal,2024-01-17 06:22:00
-23.28329,114.74586,352.5,4.68,nominal,2024-01-17 06:22:00
-23.28406,114.74182,338.42,4.68,nominal,2024-01-17 06:22:00
-23.27917,114.74493,367.0,4.68,high,2024-01-17 06:22:00
-23.27839,114.74897,349.96,8.6,nominal,2024-01-17 06:22:00
-23.27995,114.74089,340.45,4.68,nominal,2024-01-17 06:22:00
-23.27428,114.74802,347.44,4.84,nominal,2024-01-17 06:22:00
-23.27506,114.74398,345.67,4.56,nominal,2024-01-17 06:22:00
-21.91022,120.96669,338.97,7.62,nominal,2024-01-17 06:22:00
-21.67651,121.90509,367.0,22.87,high,2024-01-17 06:22:00
-21.66636,121.9464,339.88,10.06,nominal,2024-01-17 06:22:00
-21.90534,120.95992,335.92,7.62,nominal,2024-01-17 06:22:00
-21.66135,121.93871,367.0,29.46,high,2024-01-17 06:22:00
-21.6628,121.93281,334.75,7.17,nominal,2024-01-17 06:22:00
-21.66425,121.92691,334.12,7.17,nominal,2024-01-17 06:22:00
-21.66715,121.91512,341.93,11.95,nominal,2024-01-17 06:22:00
-21.89324,120.98333,335.49,6.29,nominal,2024-01-17 06:22:00
-21.89445,120.97829,346.39,6.29,nominal,2024-01-17 06:22:00
-21.88839,120.97641,338.71,6.29,nominal,2024-01-17 06:22:00
-21.69591,121.68678,338.65,9.31,nominal,2024-01-17 06:22:00
-21.69732,121.68104,352.79,40.06,nominal,2024-01-17 06:22:00
-21.87372,120.95626,334.79,7.29,nominal,2024-01-17 06:22:00
-21.69235,121.67359,367.0,40.06,high,2024-01-17 06:22:00
-20.92137,118.94519,336.72,5.97,nominal,2024-01-17 06:24:00
-21.70934,117.88519,367.0,13.69,high,2024-01-17 06:24:00
-21.71008,117.88176,343.44,13.69,nominal,2024-01-17 06:24:00
-21.70189,117.89449,350.4,7.53,nominal,2024-01-17 06:24:00
-21.70264,117.89104,335.7,7.16,nominal,2024-01-17 06:24:00
-21.70416,117.88411,335.12,4.52,nominal,2024-01-17 06:24:00
-21.71313,117.88646,348.69,6.97,nominal,2024-01-17 06:24:00
-21.71385,117.88308,349.81,6.97,nominal,2024-01-17 06:24:00
-21.70796,117.88539,367.0,6.97,high,2024-01-17 06:24:00
-21.70575,117.8959,336.36,2.01,nominal,2024-01-17 06:24:00
-21.70648,117.89241,334.97,5.87,nominal,2024-01-17 06:24:00
-21.70869,117.88195,353.38,6.97,nominal,2024-01-17 06:24:00
-21.69843,117.87936,342.22,5.08,nominal,2024-01-17 06:24:00
-21.68306,117.90087,337.25,6.12,nominal,2024-01-17 06:24:00
-21.67865,117.89617,367.0,6.25,high,2024-01-17 06:24:00
-21.67793,117.89958,350.33,6.25,nominal,2024-01-17 06:24:00
-21.50409,118.07412,333.86,1.93,nominal,2024-01-17 06:24:00
-21.50478,118.07092,334.13,2.43,nominal,2024-01-17 06:24:00
-21.50836,117.95313,354.25,4.68,nominal,2024-01-17 06:24:00
-21.47443,118.08418,332.5,2.0,nominal,2024-01-17 06:24:00
-21.50324,117.9516,357.28,9.01,low,2024-01-17 06:24:00
-21.47361,118.06269,367.0,14.81,high,2024-01-17 06:24:00
-21.46926,118.08267,330.36,2.0,nominal,2024-01-17 06:24:00
-21.47,118.07927,330.89,2.0,nominal,2024-01-17 06:24:00
-21.47145,118.07263,346.55,7.52,nominal,2024-01-17 06:24:00
-21.47433,118.05938,352.2,14.81,nominal,2024-01-17 06:24:00
-21.49601,117.95979,331.7,2.37,nominal,2024-01-17 06:24:00
-21.48937,117.96525,342.4,4.04,nominal,2024-01-17 06:24:00
-21.48343,117.96746,338.74,8.14,nominal,2024-01-17 06:24:00
-21.48267,117.97095,358.25,8.14,low,2024-01-17 06:24:00
-21.47749,117.96964,342.08,4.8,nominal,2024-01-17 06:24:00
-21.45944,118.00213,332.11,1.39,nominal,2024-01-17 06:24:00
-21.46258,117.98782,331.81,1.23,nominal,2024-01-17 06:24:00
-21.47749,117.96842,343.67,4.87,nominal,2024-01-17 06:24:00
-21.45971,118.00086,331.16,1.94,nominal,2024-01-17 06:24:00
-21.02551,119.68807,340.47,6.6,nominal,2024-01-17 06:24:00
-21.07134,119.22161,358.58,12.29,nominal,2024-01-17 06:24:00
-21.07228,119.2175,331.9,7.54,nominal,2024-01-17 06:24:00
-21.06979,119.21939,367.0,12.75,high,2024-01-17 06:24:00
-21.06796,119.22766,337.71,9.42,nominal,2024-01-17 06:24:00
-21.0614,119.23043,344.03,9.22,nominal,2024-01-17 06:24:00
-21.04918,119.23188,367.0,17.85,high,2024-01-17 06:24:00
-21.04825,119.23606,352.64,19.3,nominal,2024-01-17 06:24:00
-21.02383,119.23869,352.07,11.55,nominal,2024-01-17 06:24:00
-21.02477,119.23452,343.26,7.29,nominal,2024-01-17 06:24:00
-21.0257,119.23035,345.75,7.29,nominal,2024-01-17 06:24:00
-20.91419,118.97697,341.57,5.23,nominal,2024-01-17 06:24:00
-20.92047,118.94915,352.48,5.97,nominal,2024-01-17 06:24:00
-20.92228,118.94116,335.85,7.46,nominal,2024-01-17 06:24:00
-20.92406,118.93327,335.61,3.45,nominal,2024-01-17 06:24:00
-20.92495,118.92934,343.99,3.45,nominal,2024-01-17 06:24:00
-20.91493,118.9477,340.6,5.97,nominal,2024-01-17 06:24:00
-20.91583,118.94374,349.52,5.97,nominal,2024-01-17 06:24:00
-20.91673,118.93977,339.66,7.46,nominal,2024-01-17 06:24:00
-20.91851,118.93188,334.15,3.45,nominal,2024-01-17 06:24:00
-20.927,118.93007,332.87,1.89,nominal,2024-01-17 06:24:00
-20.92787,118.92609,335.86,2.72,nominal,2024-01-17 06:24:00
-20.91713,118.94849,367.0,10.43,high,2024-01-17 06:24:00
-20.91102,118.97638,335.77,3.99,nominal,2024-01-17 06:24:00
-20.91799,118.94452,350.82,10.43,nominal,2024-01-17 06:24:00
-20.91887,118.94052,353.64,14.5,nominal,2024-01-17 06:24:00
-20.9206,118.93259,344.3,3.79,nominal,2024-01-17 06:24:00
-20.92146,118.92867,336.92,3.79,nominal,2024-01-17 06:24:00
-20.80351,119.0097,330.38,2.42,nominal,2024-01-17 06:24:00
-20.79791,119.00832,367.0,13.29,high,2024-01-17 06:24:00
-20.79882,119.00429,353.87,30.41,nominal,2024-01-17 06:24:00
-20.79141,119.01096,333.77,13.29,nominal,2024-01-17 06:24:00
-20.79232,119.00694,354.61,13.29,nominal,2024-01-17 06:24:00
-20.80104,119.0069,367.0,30.2,high,2024-01-17 06:24:00
-20.79545,119.0055,367.0,15.33,high,2024-01-17 06:24:00
-20.78631,119.02028,335.05,8.08,nominal,2024-01-17 06:24:00
-20.78719,119.01624,341.18,8.08,nominal,2024-01-17 06:24:00
-38.28368,178.24643,303.58,0.82,nominal,2024-01-17 12:36:00
-37.2047,174.72516,301.95,3.06,nominal,2024-01-17 12:36:00
-37.20282,174.71817,295.17,2.1,nominal,2024-01-17 12:36:00
-37.20465,174.72534,301.37,2.45,nominal,2024-01-17 12:36:00
-21.01686,164.68361,345.01,60.75,nominal,2024-01-17 14:12:00
-26.8813,151.45447,302.64,2.8,nominal,2024-01-17 14:14:00
-26.88231,151.45866,301.18,1.51,nominal,2024-01-17 14:14:00
-26.88783,151.45694,314.94,1.51,nominal,2024-01-17 14:14:00
-26.89234,151.45099,317.42,2.66,nominal,2024-01-17 14:14:00
-26.89337,151.45532,303.66,1.75,nominal,2024-01-17 14:14:00
-26.81036,150.42012,309.5,2.02,nominal,2024-01-17 14:14:00
-26.38983,149.72595,315.19,3.97,nominal,2024-01-17 14:14:00
-26.37346,149.7236,312.7,3.77,nominal,2024-01-17 14:14:00
-26.381,149.7271,305.8,3.3,nominal,2024-01-17 14:14:00
-26.38715,149.72527,320.64,4.13,nominal,2024-01-17 14:14:00
-26.38857,149.73076,321.11,4.13,nominal,2024-01-17 14:14:00
-25.64556,151.17181,299.76,0.81,nominal,2024-01-17 14:14:00
-25.52435,148.5444,298.18,1.67,nominal,2024-01-17 14:14:00
-25.5596,148.39868,303.76,1.44,nominal,2024-01-17 14:14:00
-25.56139,148.40546,296.19,1.44,nominal,2024-01-17 14:14:00
-25.56087,148.39842,305.22,4.05,nominal,2024-01-17 14:14:00
-26.37617,149.72429,308.64,3.23,nominal,2024-01-17 14:14:00
-26.38369,149.72787,319.19,3.97,nominal,2024-01-17 14:14:00
-26.39121,149.73146,317.69,4.63,nominal,2024-01-17 14:14:00
-23.56257,149.45769,319.31,3.89,nominal,2024-01-17 14:14:00
-23.57416,149.44736,296.9,1.17,nominal,2024-01-17 14:14:00
-23.56487,149.45584,309.41,3.22,nominal,2024-01-17 14:14:00
-23.56652,149.4622,300.74,2.02,nominal,2024-01-17 14:14:00
-23.58142,149.43732,306.85,2.23,nominal,2024-01-17 14:14:00
-23.58803,149.43539,310.38,2.23,nominal,2024-01-17 14:14:00
-25.26288,152.3401,303.93,0.76,nominal,2024-01-17 14:14:00
-25.64752,151.1738,299.2,1.09,nominal,2024-01-17 14:14:00
-37.20025,174.72008,299.11,2.59,nominal,2024-01-17 14:16:00
-34.446,150.88408,299.69,1.48,nominal,2024-01-17 14:16:00
-37.2069,174.72601,301.61,2.59,nominal,2024-01-17 14:16:00
-34.46042,150.87907,298.14,2.29,nominal,2024-01-17 14:16:00
-34.46199,150.88557,313.74,2.29,nominal,2024-01-17 14:16:00
-34.45404,150.87422,298.68,1.38,nominal,2024-01-17 14:16:00
-37.20673,174.71986,313.67,2.59,nominal,2024-01-17 14:16:00
-37.83252,144.78612,313.15,2.18,nominal,2024-01-17 14:18:00
-22.22592,147.9554,316.62,2.52,nominal,2024-01-17 15:54:00
-23.72378,147.40549,303.67,1.59,nominal,2024-01-17 15:54:00
-23.58868,149.43683,309.06,3.06,nominal,2024-01-17 15:54:00
-23.58855,149.4379,314.72,3.65,nominal,2024-01-17 15:54:00
-23.58276,149.43855,309.06,3.13,nominal,2024-01-17 15:54:00
-23.56726,149.46252,305.21,1.8,nominal,2024-01-17 15:54:00
-23.56688,149.4581,309.52,1.8,nominal,2024-01-17 15:54:00
-23.56109,149.45872,310.94,3.43,nominal,2024-01-17 15:54:00
-22.4861,146.09595,310.07,3.54,nominal,2024-01-17 15:54:00
-22.48667,146.10112,331.01,3.54,nominal,2024-01-17 15:54:00
-22.48204,146.1017,306.7,1.22,nominal,2024-01-17 15:54:00
-22.47798,146.10745,305.92,1.16,nominal,2024-01-17 15:54:00
-22.68019,148.32292,297.45,0.85,nominal,2024-01-17 15:54:00
-21.69149,147.98033,310.62,1.56,nominal,2024-01-17 15:54:00
-20.27073,146.86952,305.75,3.17,nominal,2024-01-17 15:54:00
-20.26801,146.87358,308.49,2.27,nominal,2024-01-17 15:54:00
-20.53545,147.77863,305.3,1.35,nominal,2024-01-17 15:54:00
-19.79736,140.17889,296.65,0.3,nominal,2024-01-17 15:54:00
-19.80069,140.17833,302.62,0.3,nominal,2024-01-17 15:54:00
-20.95832,146.66336,310.36,2.02,nominal,2024-01-17 15:54:00
-20.96123,146.68948,307.97,2.48,nominal,2024-01-17 15:54:00
-22.8263,125.71677,296.3,3.83,nominal,2024-01-17 15:56:00
-22.82505,125.71152,295.53,3.83,nominal,2024-01-17 15:56:00
-26.74274,152.12148,296.27,1.43,nominal,2024-01-17 15:56:00
-30.44361,136.85788,316.23,1.73,nominal,2024-01-17 15:56:00
-26.89157,151.45189,296.08,2.63,nominal,2024-01-17 15:56:00
-33.01529,137.59573,347.71,8.34,nominal,2024-01-17 15:58:00
-33.0005,137.5898,309.33,1.49,nominal,2024-01-17 15:58:00
-32.9965,137.58617,306.17,1.43,nominal,2024-01-17 15:58:00
-37.8325,144.79065,312.79,1.46,nominal,2024-01-17 15:58:00
-37.83226,144.78688,298.43,1.24,nominal,2024-01-17 15:58:00
-37.83481,144.78835,319.69,1.57,nominal,2024-01-17 15:58:00
-32.99311,137.58685,305.85,1.11,nominal,2024-01-17 15:58:00
-37.78464,144.72978,299.01,0.74,nominal,2024-01-17 15:58:00
-34.46242,150.88231,313.61,4.63,nominal,2024-01-17 15:58:00
-34.46174,150.88176,314.33,4.47,nominal,2024-01-17 15:58:00
-33.16827,138.01204,304.41,1.23,nominal,2024-01-17 15:58:00
-33.01583,137.59749,332.99,6.16,nominal,2024-01-17 15:58:00
-20.83103,119.03681,312.34,1.61,nominal,2024-01-17 17:36:00
-20.81745,119.02724,311.79,2.72,nominal,2024-01-17 17:36:00
-20.78035,115.44032,310.22,1.27,nominal,2024-01-17 17:36:00
-23.28729,114.74688,311.98,3.49,nominal,2024-01-17 17:36:00
-20.79169,115.44643,322.88,3.66,nominal,2024-01-17 17:36:00
-20.82367,119.01091,306.54,1.88,nominal,2024-01-17 17:36:00
-21.43409,114.06811,317.51,1.12,nominal,2024-01-17 17:36:00
-21.67836,121.63988,306.67,3.13,nominal,2024-01-17 17:36:00
-20.83197,119.04439,318.66,3.67,nominal,2024-01-17 17:36:00
-20.8315,119.0406,303.87,1.61,nominal,2024-01-17 17:36:00
-20.78677,119.01247,309.66,1.88,nominal,2024-01-17 17:36:00
-34.01043,115.54102,305.11,1.76,nominal,2024-01-17 17:38:00
-34.00978,115.53499,315.84,1.76,nominal,2024-01-17 17:38:00
-34.00913,115.52899,301.09,1.56,nominal,2024-01-17 17:38:00
-34.00716,115.54771,297.12,1.47,nominal,2024-01-17 17:38:00
-34.00586,115.53564,301.63,1.41,nominal,2024-01-17 17:38:00
-34.00387,115.5543,311.77,1.47,nominal,2024-01-17 17:38:00
-34.00323,115.54832,305.35,1.47,nominal,2024-01-17 17:38:00
-34.00258,115.54234,298.11,1.41,nominal,2024-01-17 17:38:00
-34.00193,115.53631,309.34,1.41,nominal,2024-01-17 17:38:00
-34.02169,115.56381,297.41,1.88,nominal,2024-01-17 17:38:00
-34.02101,115.55779,295.71,1.88,nominal,2024-01-17 17:38:00
-34.02033,115.55186,300.05,1.88,nominal,2024-01-17 17:38:00
-34.01965,115.54593,303.75,1.1,nominal,2024-01-17 17:38:00
-34.01777,115.56449,306.32,1.88,nominal,2024-01-17 17:38:00
-34.01709,115.55851,318.05,1.88,nominal,2024-01-17 17:38:00
-34.0164,115.55257,311.88,1.88,nominal,2024-01-17 17:38:00
-34.01573,115.54662,297.69,1.1,nominal,2024-01-17 17:38:00
-34.01367,115.52863,301.39,1.05,nominal,2024-01-17 17:38:00
-34.01385,115.56522,301.32,2.9,nominal,2024-01-17 17:38:00
-34.01112,115.54127,306.28,1.4,nominal,2024-01-17 17:38:00
-34.01043,115.53526,313.73,1.79,nominal,2024-01-17 17:38:00
-34.00975,115.52926,306.63,1.79,nominal,2024-01-17 17:38:00
-34.00788,115.54794,295.58,1.4,nominal,2024-01-17 17:38:00
-34.0065,115.53589,304.35,1.79,nominal,2024-01-17 17:38:00
-34.00462,115.55452,306.73,2.7,nominal,2024-01-17 17:38:00
-34.00395,115.54856,308.7,2.13,nominal,2024-01-17 17:38:00
-34.00327,115.54258,295.64,2.13,nominal,2024-01-17 17:38:00
-34.00258,115.53656,307.88,1.98,nominal,2024-01-17 17:38:00
-34.00002,115.54918,315.9,2.13,nominal,2024-01-17 17:38:00
-33.99866,115.53722,313.19,1.98,nominal,2024-01-17 17:38:00
-33.99798,115.53124,302.59,1.98,nominal,2024-01-17 17:38:00
-33.99934,115.54322,321.15,2.13,nominal,2024-01-17 17:38:00
-33.99745,115.56183,299.72,1.75,nominal,2024-01-17 17:38:00
-33.99676,115.55576,309.75,1.75,nominal,2024-01-17 17:38:00
-33.99609,115.5498,330.06,3.58,nominal,2024-01-17 17:38:00
-33.99541,115.54385,325.34,3.58,nominal,2024-01-17 17:38:00
-33.99284,115.55642,307.71,1.75,nominal,2024-01-17 17:38:00
-33.99216,115.55044,299.24,3.58,nominal,2024-01-17 17:38:00
-33.40496,116.5209,303.23,1.04,nominal,2024-01-17 17:38:00
-33.34499,116.07089,305.46,2.1,nominal,2024-01-17 17:38:00
-32.91562,115.92058,305.29,1.23,nominal,2024-01-17 17:38:00
-32.72445,116.58868,308.46,1.39,nominal,2024-01-17 17:38:00
-32.72396,116.5843,309.76,2.28,nominal,2024-01-17 17:38:00
-32.72348,116.5799,318.63,2.28,nominal,2024-01-17 17:38:00
-32.72301,116.57561,320.47,3.06,nominal,2024-01-17 17:38:00
-32.72034,116.58921,306.68,1.39,nominal,2024-01-17 17:38:00
-32.71986,116.58482,316.04,2.28,nominal,2024-01-17 17:38:00
-32.71938,116.58041,330.26,2.28,nominal,2024-01-17 17:38:00
-32.71891,116.57613,327.65,3.06,nominal,2024-01-17 17:38:00
-32.71482,116.57673,306.75,1.09,nominal,2024-01-17 17:38:00
-32.7676,118.05462,315.09,2.81,nominal,2024-01-17 17:38:00
-32.76497,118.0558,314.13,2.2,nominal,2024-01-17 17:38:00
-32.6067,117.43098,304.38,0.69,nominal,2024-01-17 17:38:00
-32.60425,117.43252,302.69,0.87,nominal,2024-01-17 17:38:00
-30.8646,121.49448,315.33,2.27,nominal,2024-01-17 17:38:00
-30.19727,116.98167,305.07,0.78,nominal,2024-01-17 17:38:00
-30.19674,116.97958,303.75,1.35,nominal,2024-01-17 17:38:00
-34.02088,115.56359,299.52,1.49,nominal,2024-01-17 17:38:00
-34.02022,115.55756,306.82,1.49,nominal,2024-01-17 17:38:00
-34.01958,115.55162,307.06,1.73,nominal,2024-01-17 17:38:00
-34.01893,115.54568,305.32,1.73,nominal,2024-01-17 17:38:00
-34.01695,115.5643,307.1,2.17,nominal,2024-01-17 17:38:00
-34.0163,115.55829,318.0,2.17,nominal,2024-01-17 17:38:00
-34.01565,115.55232,305.12,2.92,nominal,2024-01-17 17:38:00
-34.01371,115.53434,296.65,1.76,nominal,2024-01-17 17:38:00
-34.01306,115.52834,304.3,1.56,nominal,2024-01-17 17:38:00
-34.01367,115.57104,295.57,2.48,nominal,2024-01-17 17:38:00
-34.01302,115.56503,299.39,2.17,nominal,2024-01-17 17:38:00
-37.20111,174.7247,329.87,5.03,low,2024-01-18 02:38:00
-21.01805,164.68541,347.27,29.58,nominal,2024-01-18 02:42:00
-37.83134,144.78909,335.46,3.9,nominal,2024-01-18 04:18:00
-34.91313,146.5903,354.23,4.49,nominal,2024-01-18 04:21:00
-34.91415,146.58501,346.67,4.49,nominal,2024-01-18 04:21:00
-34.91517,146.57971,344.73,6.05,nominal,2024-01-18 04:21:00
-34.90945,146.58926,355.0,6.22,nominal,2024-01-18 04:21:00
-34.91048,146.58395,357.32,6.22,nominal,2024-01-18 04:21:00
-34.9115,146.57867,347.0,4.32,nominal,2024-01-18 04:21:00
-34.90579,146.58821,347.04,6.22,nominal,2024-01-18 04:21:00
-34.90681,146.58292,353.04,6.22,nominal,2024-01-18 04:21:00
-34.90784,146.57762,339.13,4.32,nominal,2024-01-18 04:21:00
-34.90212,146.58717,347.04,5.26,nominal,2024-01-18 04:21:00
-34.90314,146.58186,346.84,5.26,nominal,2024-01-18 04:21:00
-34.54699,146.4286,339.68,3.43,nominal,2024-01-18 04:21:00
-33.52034,145.52602,335.61,3.76,low,2024-01-18 04:21:00
-34.44474,139.03754,335.28,1.29,low,2024-01-18 04:21:00
-33.00704,137.57953,337.15,3.67,low,2024-01-18 04:21:00
-32.9948,137.58781,336.62,4.42,low,2024-01-18 04:21:00
-30.96876,148.85651,331.66,0.97,nominal,2024-01-18 04:21:00
-28.65018,146.8456,337.69,9.64,nominal,2024-01-18 04:21:00
-34.91475,146.60194,336.38,5.06,nominal,2024-01-18 04:21:00
-34.91679,146.59135,347.88,4.49,nominal,2024-01-18 04:21:00
-34.91782,146.58604,335.71,4.49,nominal,2024-01-18 04:21:00
-34.92046,146.59239,348.28,4.35,nominal,2024-01-18 04:21:00
-34.92148,146.5871,342.04,4.35,nominal,2024-01-18 04:21:00
-34.91577,146.59663,350.5,5.06,nominal,2024-01-18 04:21:00
-35.78049,143.49373,338.86,3.18,nominal,2024-01-18 04:21:00
-34.8161,147.57494,357.31,10.21,nominal,2024-01-18 04:21:00
-34.81728,147.56912,340.15,5.92,nominal,2024-01-18 04:21:00
-34.81226,147.57384,350.31,10.21,nominal,2024-01-18 04:21:00
-34.81344,147.56801,340.73,5.92,nominal,2024-01-18 04:21:00
-34.92209,146.60403,349.78,6.11,nominal,2024-01-18 04:21:00
-34.92413,146.59344,348.27,4.35,nominal,2024-01-18 04:21:00
-34.92516,146.58813,346.57,4.35,nominal,2024-01-18 04:21:00
-34.91739,146.60828,337.46,5.85,nominal,2024-01-18 04:21:00
-34.91842,146.60298,349.1,6.11,nominal,2024-01-18 04:21:00
-34.91944,146.59767,352.48,6.11,nominal,2024-01-18 04:21:00
-22.64421,148.30051,340.73,6.18,nominal,2024-01-18 04:23:00
-24.86297,150.46234,346.52,6.83,nominal,2024-01-18 04:23:00
-21.59583,124.12395,334.35,5.79,nominal,2024-01-18 04:25:00
-32.74876,118.9827,367.0,121.78,high,2024-01-18 06:01:00
-32.74958,118.97815,367.0,80.93,high,2024-01-18 06:01:00
-32.74631,118.9964,342.2,145.18,nominal,2024-01-18 06:01:00
-32.75039,118.97359,358.32,80.93,nominal,2024-01-18 06:01:00
-32.7512,118.96904,352.76,12.23,nominal,2024-01-18 06:01:00
-32.74611,118.97726,367.0,95.38,high,2024-01-18 06:01:00
-32.74692,118.97272,367.0,95.38,high,2024-01-18 06:01:00
-32.74448,118.98639,347.01,60.56,nominal,2024-01-18 06:01:00
-32.74773,118.96817,358.0,82.86,nominal,2024-01-18 06:01:00
-32.74529,118.98183,367.0,60.56,low,2024-01-18 06:01:00
-32.74854,118.96362,367.0,82.86,low,2024-01-18 06:01:00
-32.74427,118.96732,367.0,82.86,high,2024-01-18 06:01:00
-32.74345,118.97187,349.5,95.38,nominal,2024-01-18 06:01:00
-32.74508,118.96278,367.0,82.86,low,2024-01-18 06:01:00
-32.72193,116.58346,350.24,6.33,nominal,2024-01-18 06:01:00
-30.86927,121.4956,347.81,26.32,low,2024-01-18 06:01:00
-30.20537,116.98158,349.18,18.34,low,2024-01-18 06:01:00
-30.87088,115.62672,367.0,61.46,high,2024-01-18 06:01:00
-34.85338,116.30375,340.4,7.08,nominal,2024-01-18 06:01:00
-34.85006,116.30302,367.0,157.03,high,2024-01-18 06:01:00
-34.84737,116.29808,367.0,157.03,high,2024-01-18 06:01:00
-34.84801,116.29388,343.04,44.19,nominal,2024-01-18 06:01:00
-34.84675,116.30229,367.0,157.03,low,2024-01-18 06:01:00
-34.84343,116.30157,352.03,38.46,nominal,2024-01-18 06:01:00
-34.84406,116.29734,343.27,38.46,low,2024-01-18 06:01:00
-34.54406,116.37289,332.13,3.92,low,2024-01-18 06:01:00
-34.02205,115.59052,367.0,16.85,high,2024-01-18 06:01:00
-34.02267,115.5863,349.89,7.46,nominal,2024-01-18 06:01:00
-34.03375,115.51047,346.18,6.39,nominal,2024-01-18 06:01:00
-34.01846,115.56805,367.0,27.03,high,2024-01-18 06:01:00
-34.01451,115.57157,356.45,78.42,low,2024-01-18 06:01:00
-34.01575,115.56316,356.45,41.08,low,2024-01-18 06:01:00
-34.01302,115.55825,367.0,19.84,high,2024-01-18 06:01:00
-34.0118,115.56667,356.33,41.08,low,2024-01-18 06:01:00
-34.00908,115.56174,354.1,21.04,nominal,2024-01-18 06:01:00
-34.00969,115.55754,355.3,19.21,nominal,2024-01-18 06:01:00
-34.00846,115.56596,356.49,21.04,low,2024-01-18 06:01:00
-34.00451,115.56947,367.0,116.54,high,2024-01-18 06:01:00
-34.00513,115.56525,367.0,21.04,high,2024-01-18 06:01:00
-34.00574,115.56105,367.0,21.04,high,2024-01-18 06:01:00
-34.00636,115.55685,367.0,19.21,high,2024-01-18 06:01:00
-34.00697,115.55264,353.66,19.21,nominal,2024-01-18 06:01:00
-34.0018,115.56456,367.0,30.58,high,2024-01-18 06:01:00
-34.00302,115.55614,356.22,23.4,nominal,2024-01-18 06:01:00
-34.00425,115.54773,346.22,12.98,nominal,2024-01-18 06:01:00
-33.98082,115.59053,342.62,11.21,nominal,2024-01-18 06:01:00
-33.97749,115.58983,335.47,6.79,nominal,2024-01-18 06:01:00
-33.98056,115.56877,338.7,9.5,nominal,2024-01-18 06:01:00
-33.98185,115.51268,350.97,15.24,nominal,2024-01-18 06:01:00
-32.75408,118.99353,343.93,7.16,nominal,2024-01-18 06:01:00
-32.75489,118.98898,341.09,7.26,nominal,2024-01-18 06:01:00
-32.75142,118.98812,367.0,121.78,high,2024-01-18 06:01:00
-32.74979,118.99726,351.85,145.18,nominal,2024-01-18 06:01:00
-32.7506,118.99268,367.0,145.18,low,2024-01-18 06:01:00
-32.75223,118.98359,367.0,121.78,low,2024-01-18 06:01:00
-32.75304,118.97904,367.0,80.93,low,2024-01-18 06:01:00
-32.74713,118.99183,367.0,145.18,high,2024-01-18 06:01:00
-32.74795,118.98725,367.0,121.78,high,2024-01-18 06:01:00
-20.84236,120.83807,352.46,13.53,nominal,2024-01-18 06:03:00
-21.5915,124.12196,340.24,3.18,nominal,2024-01-18 06:03:00
-21.58927,124.12177,337.19,2.43,nominal,2024-01-18 06:03:00
-21.65631,121.89731,342.69,110.94,nominal,2024-01-18 06:03:00
-21.65791,121.63686,346.05,26.19,nominal,2024-01-18 06:03:00
-21.65548,121.62417,347.5,20.89,nominal,2024-01-18 06:03:00
-22.50712,117.1352,344.78,19.14,nominal,2024-01-18 06:03:00
-22.50346,117.13445,340.04,16.07,nominal,2024-01-18 06:03:00
-22.50511,117.12518,341.52,15.61,nominal,2024-01-18 06:03:00
-22.43583,117.15652,344.02,21.18,nominal,2024-01-18 06:03:00
-22.43665,117.15189,348.2,16.75,nominal,2024-01-18 06:03:00
-22.43747,117.14721,350.66,16.75,nominal,2024-01-18 06:03:00
-22.46454,116.82114,367.0,26.45,high,2024-01-18 06:03:00
-22.46532,116.81667,349.09,23.81,nominal,2024-01-18 06:03:00
-22.36931,116.72044,346.08,24.59,nominal,2024-01-18 06:03:00
-21.48792,117.93862,344.77,13.2,nominal,2024-01-18 06:03:00
-21.48886,117.93349,335.48,10.48,nominal,2024-01-18 06:03:00
-20.86571,120.852,336.91,5.4,nominal,2024-01-18 06:03:00
-20.86467,120.84876,344.57,8.67,nominal,2024-01-18 06:03:00
-20.84703,120.83912,346.05,9.6,nominal,2024-01-18 06:03:00
-20.84129,120.84338,344.51,19.39,nominal,2024-01-18 06:03:00
-20.83768,120.83701,340.04,13.53,nominal,2024-01-18 06:03:00
-20.78742,120.74836,340.77,4.26,nominal,2024-01-18 06:03:00
-20.66165,120.65015,339.51,6.97,nominal,2024-01-18 06:03:00
-20.65494,120.65945,343.81,133.19,nominal,2024-01-18 06:03:00
-20.65702,120.64908,348.93,6.97,nominal,2024-01-18 06:03:00
-20.65805,120.6439,337.05,6.97,nominal,2024-01-18 06:03:00
-20.65031,120.65836,336.3,7.3,nominal,2024-01-18 06:03:00
-20.65135,120.65318,349.85,7.3,nominal,2024-01-18 06:03:00
-20.65239,120.64799,346.81,16.91,nominal,2024-01-18 06:03:00
-20.81916,119.03545,337.49,6.23,nominal,2024-01-18 06:03:00
-20.81995,119.03137,352.25,6.23,nominal,2024-01-18 06:03:00
-20.81498,119.03455,349.5,8.16,nominal,2024-01-18 06:03:00
-20.81577,119.03046,348.71,8.16,nominal,2024-01-18 06:03:00
-20.79548,118.99673,336.85,2.51,nominal,2024-01-18 06:03:00
-20.79179,115.44621,339.58,2.85,nominal,2024-01-18 06:03:00
-18.58865,122.19857,336.07,6.18,nominal,2024-01-18 06:03:00
-17.30968,122.17576,339.8,4.87,nominal,2024-01-18 06:05:00
-17.31044,122.17209,334.7,4.87,nominal,2024-01-18 06:05:00
-37.93472,178.22009,297.51,0.87,nominal,2024-01-18 12:18:00
-37.20401,174.72556,303.14,2.97,nominal,2024-01-18 12:18:00
-37.2021,174.71913,318.52,2.97,nominal,2024-01-18 12:18:00
-16.25835,168.10345,311.92,1.87,nominal,2024-01-18 13:52:00
-16.25493,168.1041,304.66,1.27,nominal,2024-01-18 13:52:00
-16.26241,168.10664,301.67,1.87,nominal,2024-01-18 13:52:00
-16.26177,168.10281,321.55,1.87,nominal,2024-01-18 13:52:00
-22.25298,166.4453,309.97,2.17,nominal,2024-01-18 13:54:00
-21.01443,164.68164,307.81,16.32,nominal,2024-01-18 13:54:00
-21.01912,164.68573,308.43,16.32,nominal,2024-01-18 13:54:00
-21.01534,164.68652,334.28,16.32,nominal,2024-01-18 13:54:00
-21.01649,164.6893,322.48,16.2,nominal,2024-01-18 13:54:00
-21.0156,164.68436,339.21,32.27,nominal,2024-01-18 13:54:00
-34.46526,150.89122,303.26,1.68,nominal,2024-01-18 13:59:00
-41.12918,146.84776,296.6,0.98,nominal,2024-01-18 13:59:00
-37.20446,174.72159,330.5,7.44,nominal,2024-01-18 13:59:00
-37.20948,174.7211,314.47,3.5,nominal,2024-01-18 13:59:00
-33.76511,150.8499,314.49,3.39,nominal,2024-01-18 13:59:00
-34.45746,150.87662,321.19,4.7,nominal,2024-01-18 13:59:00
-34.45913,150.88245,334.52,4.7,nominal,2024-01-18 13:59:00
-34.46849,150.89156,304.96,4.03,nominal,2024-01-18 13:59:00
-34.46019,150.87384,306.61,1.73,nominal,2024-01-18 13:59:00
-34.46188,150.87964,314.22,4.18,nominal,2024-01-18 13:59:00
-24.00381,131.55099,305.44,3.0,nominal,2024-01-18 15:35:00
-26.10764,152.12625,300.21,0.61,nominal,2024-01-18 15:35:00
-26.10267,152.12994,305.31,1.32,nominal,2024-01-18 15:35:00
-26.10238,152.12656,310.6,1.91,nominal,2024-01-18 15:35:00
-20.96461,146.67935,316.08,4.3,nominal,2024-01-18 15:35:00
-28.56855,151.8349,301.07,0.53,nominal,2024-01-18 15:35:00
-28.13836,151.37173,312.73,1.07,nominal,2024-01-18 15:35:00
-28.1359,151.37286,304.56,1.05,nominal,2024-01-18 15:35:00
-32.99553,137.58582,331.39,3.72,nominal,2024-01-18 15:37:00
-32.99982,137.58951,304.7,1.25,nominal,2024-01-18 15:37:00
-33.01536,137.59514,307.5,1.54,nominal,2024-01-18 15:37:00
-33.01279,137.59793,306.48,1.37,nominal,2024-01-18 15:37:00
-34.45819,150.88106,310.21,2.6,nominal,2024-01-18 15:37:00
-23.54413,149.4514,309.01,1.76,nominal,2024-01-18 15:37:00
-23.54841,149.45079,315.71,1.76,nominal,2024-01-18 15:37:00
-23.76022,150.93805,306.06,2.05,nominal,2024-01-18 15:37:00
-34.45794,150.87709,327.51,2.6,nominal,2024-01-18 15:37:00
-30.44586,136.86029,314.36,2.18,nominal,2024-01-18 15:37:00
-31.77891,148.10133,296.89,0.85,nominal,2024-01-18 15:37:00
-28.30915,144.21339,306.1,0.61,nominal,2024-01-18 15:37:00
-34.46351,150.88043,326.83,2.44,nominal,2024-01-18 15:37:00
-34.45845,150.88501,320.08,2.66,nominal,2024-01-18 15:37:00
-41.13165,146.85284,303.98,1.43,nominal,2024-01-18 15:39:00
-41.13168,146.85318,304.47,1.06,nominal,2024-01-18 15:39:00
-17.31262,122.18334,313.04,1.52,nominal,2024-01-18 17:15:00
-17.34967,123.66049,303.7,1.68,nominal,2024-01-18 17:15:00
-17.28518,122.19009,319.05,3.99,nominal,2024-01-18 17:15:00
-17.29173,122.21049,315.13,3.39,nominal,2024-01-18 17:15:00
-17.29232,122.21468,312.2,3.1,nominal,2024-01-18 17:15:00
-17.29528,122.20992,329.25,3.47,nominal,2024-01-18 17:15:00
-17.29588,122.21413,334.14,3.95,nominal,2024-01-18 17:15:00
-17.29469,122.20573,310.84,3.47,nominal,2024-01-18 17:15:00
-17.29648,122.21834,307.59,3.95,nominal,2024-01-18 17:15:00
-17.30595,122.20828,315.31,3.82,nominal,2024-01-18 17:15:00
-17.30655,122.21246,309.5,2.05,nominal,2024-01-18 17:15:00
-17.30715,122.21667,309.07,2.05,nominal,2024-01-18 17:15:00
-17.31066,122.19041,322.46,2.77,nominal,2024-01-18 17:15:00
-17.31006,122.18623,313.99,2.77,nominal,2024-01-18 17:15:00
-17.31301,122.1815,304.09,1.91,nominal,2024-01-18 17:15:00
-17.31361,122.18569,310.15,3.37,nominal,2024-01-18 17:15:00
-17.31596,122.17679,313.22,1.91,nominal,2024-01-18 17:15:00
-17.3132,122.18752,304.67,2.68,nominal,2024-01-18 17:15:00
-17.31501,122.17441,309.18,1.99,nominal,2024-01-18 17:15:00
-17.3156,122.1786,305.92,1.52,nominal,2024-01-18 17:15:00
-17.31618,122.18279,308.9,1.52,nominal,2024-01-18 17:15:00
-20.94331,119.95013,307.53,0.97,nominal,2024-01-18 17:15:00
-21.52546,123.10434,326.46,3.16,nominal,2024-01-18 17:15:00
-21.52939,123.10378,306.46,3.16,nominal,2024-01-18 17:15:00
-21.67339,122.11028,320.47,3.21,nominal,2024-01-18 17:15:00
-21.67401,122.11504,310.89,2.63,nominal,2024-01-18 17:15:00
-21.63429,121.56731,302.17,0.37,nominal,2024-01-18 17:15:00
-21.64402,121.61152,295.94,0.52,nominal,2024-01-18 17:15:00
-20.7898,115.44548,314.6,3.5,nominal,2024-01-18 17:15:00
-21.33111,118.09966,320.43,4.73,nominal,2024-01-18 17:15:00
-21.33053,118.09596,317.76,4.01,nominal,2024-01-18 17:15:00
-21.33384,118.09537,328.55,4.01,nominal,2024-01-18 17:15:00
-22.73645,118.99689,311.78,3.99,nominal,2024-01-18 17:15:00
-30.86597,121.48871,337.45,6.71,nominal,2024-01-18 17:19:00
-32.70975,119.00215,303.61,0.93,nominal,2024-01-18 17:19:00
-32.71037,119.00716,301.76,0.93,nominal,2024-01-18 17:19:00
-32.71824,119.01076,304.49,1.95,nominal,2024-01-18 17:19:00
-32.7255,119.00941,301.28,1.66,nominal,2024-01-18 17:19:00
-32.72912,119.00875,317.66,1.66,nominal,2024-01-18 17:19:00
-32.73025,118.98819,302.05,0.92,nominal,2024-01-18 17:19:00
-34.12059,118.23685,297.93,0.48,nominal,2024-01-18 17:19:00
-32.7315,118.99816,307.18,1.03,nominal,2024-01-18 17:19:00
-32.73213,119.00314,313.06,1.03,nominal,2024-01-18 17:19:00
-32.73275,119.00811,311.86,2.22,nominal,2024-01-18 17:19:00
-32.73388,118.98756,303.34,0.92,nominal,2024-01-18 17:19:00
-32.7345,118.99255,304.07,0.92,nominal,2024-01-18 17:19:00
-32.73513,118.99752,301.46,1.03,nominal,2024-01-18 17:19:00
-32.73576,119.00251,301.86,1.03,nominal,2024-01-18 17:19:00
-32.76303,119.01274,320.91,2.28,nominal,2024-01-18 17:19:00
-32.76052,118.99297,302.53,1.22,nominal,2024-01-18 17:19:00
-32.76115,118.9979,308.46,1.22,nominal,2024-01-18 17:19:00
-32.76178,119.00286,305.52,1.26,nominal,2024-01-18 17:19:00
-32.76366,119.01774,314.49,2.28,nominal,2024-01-18 17:19:00
-32.7643,119.02275,300.7,1.3,nominal,2024-01-18 17:19:00
-32.72114,116.57813,298.12,0.86,nominal,2024-01-18 17:19:00
-32.72175,116.58235,298.25,0.85,nominal,2024-01-18 17:19:00
-16.25718,168.10219,346.52,5.86,nominal,2024-01-19 02:23:00
-41.13604,146.84978,326.2,3.23,low,2024-01-19 03:57:00
-41.13538,146.8546,334.13,4.36,nominal,2024-01-19 03:57:00
-40.85068,145.38071,329.51,3.87,nominal,2024-01-19 03:57:00
-34.46069,150.88554,339.46,5.53,nominal,2024-01-19 03:59:00
-30.93241,150.34433,342.32,4.69,low,2024-01-19 04:01:00
-30.93342,150.33907,350.46,4.69,nominal,2024-01-19 04:01:00
-30.92969,150.3381,344.21,4.69,low,2024-01-19 04:01:00
-30.9307,150.33286,346.99,7.75,nominal,2024-01-19 04:01:00
-30.49163,151.40327,332.72,3.37,nominal,2024-01-19 04:01:00
-29.57291,149.87172,351.5,9.27,nominal,2024-01-19 04:01:00
-28.73634,148.97583,367.0,14.79,high,2024-01-19 04:01:00
-29.56675,149.86244,350.64,9.39,nominal,2024-01-19 04:01:00
-29.56578,149.8676,356.75,9.39,nominal,2024-01-19 04:01:00
-29.56482,149.87279,346.22,7.64,low,2024-01-19 04:01:00
-29.57048,149.86337,354.19,6.33,nominal,2024-01-19 04:01:00
-29.56952,149.86853,356.22,6.33,nominal,2024-01-19 04:01:00
-29.57422,149.86429,353.01,6.33,nominal,2024-01-19 04:01:00
-29.57326,149.86948,355.74,6.33,nominal,2024-01-19 04:01:00
-29.5627,149.86377,351.57,12.03,nominal,2024-01-19 04:01:00
-29.56644,149.86469,358.77,12.03,low,2024-01-19 04:01:00
-29.56544,149.86986,358.8,19.19,low,2024-01-19 04:01:00
-29.57017,149.86562,358.89,10.16,low,2024-01-19 04:01:00
-29.56918,149.87079,356.52,9.27,nominal,2024-01-19 04:01:00
-29.5739,149.86655,359.5,10.16,low,2024-01-19 04:01:00
-29.57489,149.86137,348.68,10.16,nominal,2024-01-19 04:01:00
-26.0211,150.29863,334.91,11.34,nominal,2024-01-19 04:01:00
-28.6477,146.8414,345.44,12.37,low,2024-01-19 04:01:00
-28.65107,146.84213,348.63,12.8,nominal,2024-01-19 04:01:00
-28.74974,148.36446,337.95,7.06,low,2024-01-19 04:01:00
-28.73271,148.97496,350.17,14.79,nominal,2024-01-19 04:01:00
-28.73721,148.97101,346.9,10.6,nominal,2024-01-19 04:01:00
-32.0096,150.4115,345.18,9.04,nominal,2024-01-19 04:01:00
-31.00386,151.77524,344.41,14.81,nominal,2024-01-19 04:01:00
-31.02075,151.6087,342.91,3.63,nominal,2024-01-19 04:01:00
-31.01676,151.60771,337.31,3.63,low,2024-01-19 04:01:00
-30.94736,150.34818,346.16,4.58,nominal,2024-01-19 04:01:00
-30.94837,150.34293,339.82,4.58,low,2024-01-19 04:01:00
-30.94363,150.34723,346.41,4.58,nominal,2024-01-19 04:01:00
-30.94262,150.35248,346.94,7.4,nominal,2024-01-19 04:01:00
-30.93888,150.3515,352.45,7.67,nominal,2024-01-19 04:01:00
-30.93989,150.34627,348.0,5.22,nominal,2024-01-19 04:01:00
-30.93514,150.35054,346.93,7.67,nominal,2024-01-19 04:01:00
-30.93615,150.34529,348.77,5.22,nominal,2024-01-19 04:01:00
-20.99217,146.69531,336.35,3.21,nominal,2024-01-19 04:04:00
-20.75081,146.74019,336.84,7.19,nominal,2024-01-19 04:04:00
-20.75,146.74472,340.17,7.09,nominal,2024-01-19 04:04:00
-20.83405,146.6304,340.46,6.2,nominal,2024-01-19 04:04:00
-20.87526,146.82536,335.51,2.17,nominal,2024-01-19 04:04:00
-20.91508,146.7058,338.11,13.19,nominal,2024-01-19 04:04:00
-20.91873,146.70648,347.77,16.19,nominal,2024-01-19 04:04:00
-20.92158,146.71169,337.51,9.07,nominal,2024-01-19 04:04:00
-20.92522,146.7124,337.88,7.62,nominal,2024-01-19 04:04:00
-20.92965,146.70857,350.8,19.78,nominal,2024-01-19 04:04:00
-20.92886,146.7131,336.93,7.62,nominal,2024-01-19 04:04:00
-22.66452,147.50488,339.34,9.1,nominal,2024-01-19 04:04:00
-22.65799,147.49854,334.24,4.62,nominal,2024-01-19 04:04:00
-22.20946,146.60217,334.0,4.06,nominal,2024-01-19 04:04:00
-22.20514,146.60582,334.75,7.68,nominal,2024-01-19 04:04:00
-22.20666,146.59709,344.67,8.8,nominal,2024-01-19 04:04:00
-22.20742,146.59273,355.77,8.8,nominal,2024-01-19 04:04:00
-22.20818,146.58838,347.54,10.11,nominal,2024-01-19 04:04:00
-21.0223,146.67337,344.65,9.46,nominal,2024-01-19 04:04:00
-21.01946,146.66817,367.0,15.13,high,2024-01-19 04:04:00
-21.02024,146.66371,367.0,15.13,high,2024-01-19 04:04:00
-21.01867,146.67264,336.41,9.46,nominal,2024-01-19 04:04:00
-21.01427,146.67641,345.08,9.44,nominal,2024-01-19 04:04:00
-21.01583,146.66743,336.65,25.48,nominal,2024-01-19 04:04:00
-21.00985,146.68018,336.31,14.16,nominal,2024-01-19 04:04:00
-21.01064,146.67567,335.71,9.44,nominal,2024-01-19 04:04:00
-21.00069,146.71106,334.69,9.15,nominal,2024-01-19 04:04:00
-21.00622,146.67946,352.19,12.52,nominal,2024-01-19 04:04:00
-21.00023,146.69221,334.74,4.12,nominal,2024-01-19 04:04:00
-20.99501,146.70058,333.55,3.21,nominal,2024-01-19 04:04:00
-20.99581,146.69601,335.31,3.21,nominal,2024-01-19 04:04:00
-20.97925,146.68341,333.61,6.33,nominal,2024-01-19 04:04:00
-23.49312,150.63808,352.0,16.75,nominal,2024-01-19 04:04:00
-23.49267,150.63956,343.77,12.16,nominal,2024-01-19 04:04:00
-23.18539,150.10182,333.58,6.2,nominal,2024-01-19 04:04:00
-23.18626,150.09741,344.19,6.2,nominal,2024-01-19 04:04:00
-23.18204,150.09639,330.62,6.2,nominal,2024-01-19 04:04:00
-23.15743,149.47708,334.36,8.42,low,2024-01-19 04:04:00
-23.15335,149.47615,333.0,8.42,low,2024-01-19 04:04:00
-23.12811,149.47453,333.19,9.86,low,2024-01-19 04:04:00
-23.08425,149.35353,332.22,5.85,nominal,2024-01-19 04:04:00
-23.07687,149.34778,330.29,4.03,low,2024-01-19 04:04:00
-23.07207,149.35081,338.45,5.74,nominal,2024-01-19 04:04:00
-23.07281,149.34688,337.47,5.74,nominal,2024-01-19 04:04:00
-22.76215,149.40483,343.17,8.79,nominal,2024-01-19 04:04:00
-22.76291,149.40094,346.58,8.79,nominal,2024-01-19 04:04:00
-22.75947,149.4046,340.62,5.4,nominal,2024-01-19 04:04:00
-22.7602,149.4007,337.22,5.4,nominal,2024-01-19 04:04:00
-22.6787,148.33299,333.99,8.32,nominal,2024-01-19 04:04:00
-22.67966,148.32779,345.15,8.32,nominal,2024-01-19 04:04:00
-22.65855,148.29053,339.11,6.26,nominal,2024-01-19 04:04:00
-22.65949,148.28551,337.75,8.14,nominal,2024-01-19 04:04:00
-22.65473,148.2896,332.25,6.26,nominal,2024-01-19 04:04:00
-22.65565,148.28462,332.72,8.14,nominal,2024-01-19 04:04:00
-22.64412,148.30356,330.55,5.39,nominal,2024-01-19 04:04:00
-22.63543,148.28583,343.83,8.05,nominal,2024-01-19 04:04:00
-22.63451,148.28406,336.34,9.33,nominal,2024-01-19 04:04:00
-22.66599,147.50829,342.49,9.08,nominal,2024-01-19 04:04:00
-33.01222,137.59578,342.88,13.64,nominal,2024-01-19 05:42:00
-34.83194,116.29578,333.56,8.73,nominal,2024-01-19 05:42:00
-32.76886,119.04756,351.65,35.83,low,2024-01-19 05:42:00
-32.76826,119.05186,367.0,35.83,low,2024-01-19 05:42:00
-32.76547,119.04688,353.86,35.83,low,2024-01-19 05:42:00
-32.76506,119.0247,352.38,17.96,low,2024-01-19 05:42:00
-32.76566,119.0204,352.44,17.96,low,2024-01-19 05:42:00
-32.72078,119.04259,356.66,20.6,low,2024-01-19 05:42:00
-32.72137,119.0383,359.02,20.6,low,2024-01-19 05:42:00
-32.72196,119.03398,352.86,15.33,low,2024-01-19 05:42:00
-32.71679,119.04622,355.23,18.79,low,2024-01-19 05:42:00
-32.71798,119.03763,352.23,20.6,low,2024-01-19 05:42:00
-32.71856,119.03334,367.0,15.33,low,2024-01-19 05:42:00
-32.711,119.01088,356.89,33.14,nominal,2024-01-19 05:42:00
-32.7104,119.01518,367.0,33.14,low,2024-01-19 05:42:00
-32.70821,119.00594,348.2,26.46,low,2024-01-19 05:42:00
-32.707,119.01452,367.0,66.05,low,2024-01-19 05:42:00
-32.70761,119.01022,367.0,66.05,low,2024-01-19 05:42:00
-32.70881,119.00165,352.04,26.46,low,2024-01-19 05:42:00
-34.85643,116.32317,335.51,6.93,nominal,2024-01-19 05:42:00
-30.20308,116.98769,346.96,17.07,low,2024-01-19 05:44:00
-21.32132,118.11324,349.05,3.19,nominal,2024-01-19 05:46:00
-22.7467,118.99934,347.64,15.55,low,2024-01-19 05:46:00
-22.74816,118.96856,346.01,12.56,low,2024-01-19 05:46:00
-21.52667,123.09933,349.41,26.31,nominal,2024-01-19 05:46:00
-21.51875,123.09762,343.44,57.79,nominal,2024-01-19 05:46:00
-21.67059,122.09853,348.75,30.67,nominal,2024-01-19 05:46:00
-21.6642,122.11232,351.3,22.36,nominal,2024-01-19 05:46:00
-21.66508,122.10748,353.53,22.36,nominal,2024-01-19 05:46:00
-21.66046,122.11156,345.15,22.36,nominal,2024-01-19 05:46:00
-21.66134,122.1067,357.15,22.36,nominal,2024-01-19 05:46:00
-21.62961,121.57312,351.06,37.45,nominal,2024-01-19 05:46:00
-21.62755,121.56323,367.0,49.12,high,2024-01-19 05:46:00
-21.62676,121.5678,354.25,40.01,nominal,2024-01-19 05:46:00
-21.62391,121.56251,367.0,49.12,high,2024-01-19 05:46:00
-21.6247,121.55791,367.0,49.12,low,2024-01-19 05:46:00
-21.62106,121.55717,356.07,105.1,low,2024-01-19 05:46:00
-21.76099,117.90572,354.11,18.0,nominal,2024-01-19 05:46:00
-21.45693,118.02684,356.31,12.67,nominal,2024-01-19 05:46:00
-21.4575,118.02316,353.63,12.67,nominal,2024-01-19 05:46:00
-21.39564,118.02743,354.84,29.51,nominal,2024-01-19 05:46:00
-21.39233,118.02684,353.54,29.51,low,2024-01-19 05:46:00
-21.3929,118.02316,367.0,150.3,low,2024-01-19 05:46:00
-21.38959,118.02257,354.75,94.85,nominal,2024-01-19 05:46:00
-21.38798,118.0109,357.22,93.27,nominal,2024-01-19 05:46:00
-21.36354,118.14713,352.47,10.75,low,2024-01-19 05:46:00
-21.3824,118.02508,355.52,35.74,nominal,2024-01-19 05:46:00
-21.3841,118.01402,355.13,29.52,nominal,2024-01-19 05:46:00
-21.38023,118.01712,356.34,38.74,nominal,2024-01-19 05:46:00
-21.37122,118.05348,353.36,19.57,nominal,2024-01-19 05:46:00
-21.37692,118.01654,352.67,38.04,nominal,2024-01-19 05:46:00
-21.35418,118.14166,347.27,8.86,low,2024-01-19 05:46:00
-21.36859,118.02645,354.78,14.63,nominal,2024-01-19 05:46:00
-21.36414,118.03326,355.22,20.27,nominal,2024-01-19 05:46:00
-21.35752,118.03209,355.37,20.99,low,2024-01-19 05:46:00
-21.35364,118.0352,350.07,26.57,nominal,2024-01-19 05:46:00
-21.3349,118.13441,348.65,6.4,low,2024-01-19 05:46:00
-21.34919,118.04202,348.9,25.11,nominal,2024-01-19 05:46:00
-21.3397,118.08232,367.0,6.58,high,2024-01-19 05:46:00
-21.34312,118.06015,367.0,22.18,high,2024-01-19 05:46:00
-21.34369,118.05646,367.0,22.18,high,2024-01-19 05:46:00
-21.34084,118.07493,350.94,12.59,nominal,2024-01-19 05:46:00
-21.34198,118.06754,355.85,10.31,nominal,2024-01-19 05:46:00
-21.34255,118.06385,356.02,10.31,nominal,2024-01-19 05:46:00
-21.33354,118.10021,351.15,7.06,nominal,2024-01-19 05:46:00
-21.33582,118.08543,353.81,6.01,nominal,2024-01-19 05:46:00
-21.33137,118.09225,348.95,1.83,nominal,2024-01-19 05:46:00
-21.32075,118.11695,350.62,3.19,nominal,2024-01-19 05:46:00
-21.32189,118.10954,353.17,3.33,nominal,2024-01-19 05:46:00
-21.32246,118.10586,354.0,3.33,nominal,2024-01-19 05:46:00
-21.32303,118.10215,347.62,1.35,nominal,2024-01-19 05:46:00
-20.78987,119.0003,344.76,3.71,nominal,2024-01-19 05:46:00
-20.78194,119.00665,346.41,4.61,nominal,2024-01-19 05:46:00
-18.56993,122.21658,332.52,5.09,nominal,2024-01-19 05:46:00
-18.57092,122.21124,343.27,5.09,nominal,2024-01-19 05:46:00
-18.57266,122.20901,337.27,5.39,nominal,2024-01-19 05:46:00
-18.56775,122.21357,338.19,4.41,nominal,2024-01-19 05:46:00
-18.38991,123.10182,351.72,13.32,nominal,2024-01-19 05:46:00
-18.08892,122.74979,337.31,4.87,nominal,2024-01-19 05:46:00
-18.08552,122.74509,345.37,8.08,nominal,2024-01-19 05:46:00
-18.07729,122.74343,336.48,3.71,nominal,2024-01-19 05:46:00
-18.07318,122.74261,336.05,3.71,nominal,2024-01-19 05:46:00
-18.06834,122.74568,337.46,7.68,nominal,2024-01-19 05:46:00
-18.06349,122.74877,336.85,5.48,nominal,2024-01-19 05:46:00
-17.32448,122.20401,346.83,111.12,nominal,2024-01-19 05:46:00
-17.32582,122.19663,344.05,14.6,nominal,2024-01-19 05:46:00
-17.32112,122.19953,367.0,17.99,high,2024-01-19 05:46:00
-17.31978,122.20691,345.01,10.02,nominal,2024-01-19 05:46:00
-17.32179,122.19585,342.61,8.23,nominal,2024-01-19 05:46:00
-17.31574,122.20612,350.77,10.02,nominal,2024-01-19 05:46:00
-17.31976,122.184,336.15,3.73,nominal,2024-01-19 05:46:00
-17.32043,122.18032,351.96,9.11,nominal,2024-01-19 05:46:00
-17.31707,122.17586,367.0,10.18,high,2024-01-19 05:46:00
-17.30969,122.21643,333.05,4.33,nominal,2024-01-19 05:46:00
-17.31306,122.19794,338.28,7.78,nominal,2024-01-19 05:46:00
-17.3144,122.19055,348.43,8.39,nominal,2024-01-19 05:46:00
-17.3164,122.17953,347.83,10.18,nominal,2024-01-19 05:46:00
-17.30768,122.20454,352.21,12.96,nominal,2024-01-19 05:46:00
-17.30433,122.17712,334.79,4.02,nominal,2024-01-19 05:46:00
-17.29019,122.20875,352.47,12.76,nominal,2024-01-19 05:46:00
-17.29087,122.20506,342.8,5.44,nominal,2024-01-19 05:46:00
-17.29155,122.20136,336.68,5.44,nominal,2024-01-19 05:46:00
-16.68311,122.80179,348.95,11.26,nominal,2024-01-19 05:46:00
-16.67813,122.80502,351.29,11.26,nominal,2024-01-19 05:46:00
-16.68189,122.78456,331.25,7.07,nominal,2024-01-19 05:46:00
-16.67465,122.80008,343.04,6.27,nominal,2024-01-19 05:46:00
-23.75703,151.19142,299.49,0.89,nominal,2024-01-19 15:16:00
-22.89895,148.77357,308.9,1.53,nominal,2024-01-19 15:16:00
-22.68489,148.32988,298.74,0.49,nominal,2024-01-19 15:16:00
-22.68158,148.33047,297.61,0.49,nominal,2024-01-19 15:16:00
-22.67223,148.33595,299.22,0.91,nominal,2024-01-19 15:16:00
-22.29819,149.45923,313.4,2.19,nominal,2024-01-19 15:16:00
-22.29763,149.4554,305.94,1.42,nominal,2024-01-19 15:16:00
-21.92756,148.03311,302.84,0.64,nominal,2024-01-19 15:16:00
-21.82426,149.08029,308.0,0.95,nominal,2024-01-19 15:16:00
-21.82094,149.08086,315.74,1.38,nominal,2024-01-19 15:16:00
-21.82037,149.07713,310.91,1.3,nominal,2024-01-19 15:16:00
-23.76907,151.19872,296.63,0.88,nominal,2024-01-19 15:16:00
-30.35004,151.38397,302.48,0.89,nominal,2024-01-19 15:18:00
-25.87098,139.85278,295.54,3.65,nominal,2024-01-19 15:18:00
-27.277,145.75256,309.71,2.57,nominal,2024-01-19 15:18:00
-28.75457,148.36313,301.55,0.64,nominal,2024-01-19 15:18:00
-29.11428,149.68715,315.3,2.32,nominal,2024-01-19 15:18:00
-29.42594,151.47971,309.17,1.18,nominal,2024-01-19 15:18:00
-29.42986,151.4791,311.34,1.37,nominal,2024-01-19 15:18:00
-29.47297,150.30571,316.83,2.31,nominal,2024-01-19 15:18:00
-30.49667,151.40974,299.41,0.71,nominal,2024-01-19 15:18:00
-30.26484,149.36783,306.43,0.9,nominal,2024-01-19 15:18:00
-32.00908,150.41078,296.36,0.55,nominal,2024-01-19 15:18:00
-33.00789,137.57832,326.31,2.06,nominal,2024-01-19 15:20:00
-33.00465,137.58467,304.9,2.74,nominal,2024-01-19 15:20:00
-37.83244,144.78912,330.78,5.01,nominal,2024-01-19 15:20:00
-37.78536,144.72714,304.23,0.83,nominal,2024-01-19 15:20:00
-33.01664,137.59698,311.23,3.86,nominal,2024-01-19 15:20:00
-33.0112,137.59335,302.74,3.86,nominal,2024-01-19 15:20:00
-33.01231,137.59834,338.11,3.86,nominal,2024-01-19 15:20:00
-32.99598,137.58734,315.44,2.09,nominal,2024-01-19 15:20:00
-33.00355,137.57965,317.06,3.03,nominal,2024-01-19 15:20:00
-17.28222,122.19935,307.85,1.48,nominal,2024-01-19 16:56:00
-17.349,123.65984,302.64,0.49,nominal,2024-01-19 16:56:00
-17.28901,122.19815,303.92,1.09,nominal,2024-01-19 16:56:00
-17.69835,123.28826,296.41,0.89,nominal,2024-01-19 16:56:00
-17.28285,122.20316,307.79,1.48,nominal,2024-01-19 16:56:00
-17.28965,122.20196,309.24,1.09,nominal,2024-01-19 16:56:00
-21.3166,118.10918,324.74,4.4,nominal,2024-01-19 16:58:00
-21.67193,122.12512,314.44,2.32,nominal,2024-01-19 16:58:00
-20.59421,116.7811,319.32,1.11,nominal,2024-01-19 16:58:00
-20.59336,116.77676,308.13,1.69,nominal,2024-01-19 16:58:00
-20.77767,119.00684,310.52,1.88,nominal,2024-01-19 16:58:00
-25.1302,135.31863,296.41,7.15,nominal,2024-01-19 16:58:00
-22.75821,118.99491,320.86,1.64,nominal,2024-01-19 16:58:00
-23.99985,131.55438,307.79,1.59,nominal,2024-01-19 16:58:00
-21.33297,117.40846,324.47,2.44,nominal,2024-01-19 16:58:00
-21.33223,117.40461,321.33,2.44,nominal,2024-01-19 16:58:00
-21.32891,117.40931,318.58,1.87,nominal,2024-01-19 16:58:00
-21.20393,117.06204,308.37,0.85,nominal,2024-01-19 16:58:00
-21.19978,117.0629,310.38,0.85,nominal,2024-01-19 16:58:00
-21.19719,117.07195,310.84,1.3,nominal,2024-01-19 16:58:00
-24.00241,131.55472,310.93,1.18,nominal,2024-01-19 16:58:00
-21.36103,118.17231,310.85,4.35,nominal,2024-01-19 16:58:00
-21.35715,118.17313,321.73,5.27,nominal,2024-01-19 16:58:00
-21.35617,118.16792,336.37,8.4,nominal,2024-01-19 16:58:00
-21.35032,118.15831,310.84,2.04,nominal,2024-01-19 16:58:00
-21.33451,118.07478,309.12,1.06,nominal,2024-01-19 16:58:00
-21.33061,118.07555,319.84,2.18,nominal,2024-01-19 16:58:00
-21.32578,118.09281,312.46,2.54,nominal,2024-01-19 16:58:00
-21.32292,118.09904,321.6,2.54,nominal,2024-01-19 16:58:00
-21.34941,118.15601,311.14,2.08,nominal,2024-01-19 16:58:00
-21.33507,118.07752,309.96,1.39,nominal,2024-01-19 16:58:00
-21.33116,118.07826,313.45,1.39,nominal,2024-01-19 16:58:00
-21.32626,118.09568,314.74,2.34,nominal,2024-01-19 16:58:00
-21.32235,118.09644,321.17,2.75,nominal,2024-01-19 16:58:00
-22.81585,127.74231,323.09,3.17,nominal,2024-01-19 16:58:00
-30.86365,121.48744,329.43,2.51,nominal,2024-01-19 17:00:00
-30.86758,121.49085,326.1,29.47,nominal,2024-01-19 17:00:00
-30.87091,121.49019,310.63,1.08,nominal,2024-01-19 17:00:00
-34.85468,116.36192,341.7,2.91,nominal,2024-01-19 17:02:00
-34.85809,116.38063,351.41,136.2,nominal,2024-01-19 17:02:00
-34.85382,116.35726,314.81,2.91,nominal,2024-01-19 17:02:00
-34.85894,116.38529,318.82,21.48,nominal,2024-01-19 17:02:00
-34.85979,116.38995,299.05,21.48,nominal,2024-01-19 17:02:00
-34.859,116.36566,321.83,122.11,nominal,2024-01-19 17:02:00
-34.85986,116.37035,354.67,122.11,nominal,2024-01-19 17:02:00
-34.86071,116.37502,367.0,136.2,high,2024-01-19 17:02:00
-34.86156,116.37969,346.88,136.2,nominal,2024-01-19 17:02:00
-34.86241,116.38435,332.85,21.48,nominal,2024-01-19 17:02:00
-34.85644,116.35163,296.27,1.18,nominal,2024-01-19 17:02:00
-34.85729,116.3563,307.0,2.91,nominal,2024-01-19 17:02:00
-34.85815,116.36098,315.04,2.91,nominal,2024-01-19 17:02:00
-34.86325,116.38901,299.08,21.48,nominal,2024-01-19 17:02:00
-34.86418,116.37408,330.83,1.64,nominal,2024-01-19 17:02:00
-34.86588,116.38343,323.3,1.97,nominal,2024-01-19 17:02:00
-34.86076,116.35536,296.0,0.9,nominal,2024-01-19 17:02:00
-34.86162,116.36003,302.98,0.9,nominal,2024-01-19 17:02:00
-34.86247,116.36472,301.92,1.96,nominal,2024-01-19 17:02:00
-34.86503,116.37878,307.88,1.64,nominal,2024-01-19 17:02:00
-34.86765,116.37316,305.94,1.64,nominal,2024-01-19 17:02:00
-34.8685,116.37786,299.83,1.64,nominal,2024-01-19 17:02:00
-34.86935,116.38251,302.69,1.97,nominal,2024-01-19 17:02:00
-34.87197,116.37693,297.3,1.29,nominal,2024-01-19 17:02:00
-32.9166,115.91714,302.69,1.41,nominal,2024-01-19 17:02:00
-33.98148,115.58015,299.08,1.24,nominal,2024-01-19 17:02:00
-33.98413,115.57405,299.05,0.72,nominal,2024-01-19 17:02:00
-33.98509,115.57915,299.42,0.72,nominal,2024-01-19 17:02:00
-33.98774,115.57307,301.7,0.72,nominal,2024-01-19 17:02:00
-33.9887,115.57814,301.3,0.72,nominal,2024-01-19 17:02:00
-33.98753,115.55183,300.02,0.83,nominal,2024-01-19 17:02:00
-33.98848,115.55685,301.67,0.83,nominal,2024-01-19 17:02:00
-33.99211,115.5559,302.42,0.83,nominal,2024-01-19 17:02:00
-34.83648,116.36195,299.14,0.89,nominal,2024-01-19 17:02:00
-34.83733,116.3666,302.38,0.89,nominal,2024-01-19 17:02:00
-34.83818,116.37126,297.88,0.96,nominal,2024-01-19 17:02:00
-34.83994,116.361,322.47,12.47,nominal,2024-01-19 17:02:00
-34.8408,116.36566,323.98,12.47,nominal,2024-01-19 17:02:00
-34.8391,116.35637,299.53,1.43,nominal,2024-01-19 17:02:00
-34.84165,116.37032,313.61,2.65,nominal,2024-01-19 17:02:00
-34.84251,116.375,304.02,2.65,nominal,2024-01-19 17:02:00
-34.84342,116.3601,339.75,12.47,nominal,2024-01-19 17:02:00
-34.84428,116.36476,348.13,12.47,nominal,2024-01-19 17:02:00
-34.84512,116.3694,337.51,2.65,nominal,2024-01-19 17:02:00
-34.84597,116.37408,329.22,2.65,nominal,2024-01-19 17:02:00
-34.84257,116.35544,310.69,1.43,nominal,2024-01-19 17:02:00
-34.84684,116.37876,308.8,1.46,nominal,2024-01-19 17:02:00
-34.84689,116.35915,329.05,25.09,nominal,2024-01-19 17:02:00
-34.84774,116.36383,332.61,25.09,nominal,2024-01-19 17:02:00
-34.84859,116.36848,356.19,46.39,nominal,2024-01-19 17:02:00
-34.84945,116.37313,354.24,46.39,nominal,2024-01-19 17:02:00
-34.8503,116.37783,327.2,4.14,nominal,2024-01-19 17:02:00
-34.84604,116.35448,301.13,1.2,nominal,2024-01-19 17:02:00
-34.85116,116.38249,296.79,4.14,nominal,2024-01-19 17:02:00
-34.85201,116.38716,297.97,0.78,nominal,2024-01-19 17:02:00
-34.85121,116.36287,352.69,25.09,nominal,2024-01-19 17:02:00
-34.85206,116.36753,321.8,46.39,nominal,2024-01-19 17:02:00
-34.85292,116.37222,354.48,46.39,nominal,2024-01-19 17:02:00
-34.85377,116.37689,347.4,4.14,nominal,2024-01-19 17:02:00
-34.85462,116.38156,344.51,4.14,nominal,2024-01-19 17:02:00
-34.85036,116.3582,317.93,25.09,nominal,2024-01-19 17:02:00
-34.85548,116.38622,299.26,0.78,nominal,2024-01-19 17:02:00
-34.85553,116.3666,342.79,122.11,nominal,2024-01-19 17:02:00
